"gene_id","ARG_Category","ARG","Resistance Mechanism"
"k141_28772_length_16957_cov_8.4275_2","bacitracin","bacA","antibiotic target alteration"
"k141_55329_length_60524_cov_7.9987_36","multidrug","adeB","antibiotic efflux"
"k141_55329_length_60524_cov_7.9987_37","multidrug","multidrug_transporter","antibiotic efflux"
"k141_3049_length_57849_cov_7.9992_12","multidrug","adeJ","antibiotic efflux"
"k141_3049_length_57849_cov_7.9992_13","multidrug","multidrug_transporter","antibiotic efflux"
"k141_11660_length_45292_cov_8.0000_34","multidrug","mexT","antibiotic efflux"
"k141_43547_length_40348_cov_8.0000_7","multidrug","mexB","antibiotic efflux"
"k141_36447_length_35181_cov_8.0000_9","multidrug","oprM","antibiotic efflux"
"k141_36447_length_35181_cov_8.0000_11","macrolide-lincosamide-streptogramin","macA","antibiotic efflux"
"k141_33916_length_34490_cov_8.0000_27","tetracycline","tetracycline_resistance_protein","antibiotic efflux"
"k141_56592_length_32150_cov_7.7245_17","multidrug","mdtL","antibiotic efflux"
"k141_3032_length_31146_cov_9.0000_27","quinolone","abaQ","antibiotic efflux"
"k141_66826_length_30488_cov_8.0000_10","multidrug","TolC","antibiotic efflux"
"k141_42304_length_26512_cov_8.0000_12","tetracycline","tetR","antibiotic efflux"
"k141_512_length_24096_cov_8.0000_16","multidrug","abeS","antibiotic efflux"
"k141_512_length_24096_cov_8.0000_22","multidrug","mexE","antibiotic efflux"
"k141_29758_length_18562_cov_8.0000_16","multidrug","major_facilitator_superfamily_transporter","antibiotic efflux"
"k141_22947_length_14190_cov_8.0000_2","multidrug","multidrug_transporter","antibiotic efflux"
"k141_22947_length_14190_cov_8.0000_3","multidrug","emrB","antibiotic efflux"
"k141_20473_length_11380_cov_9.0000_12","beta-lactam","OXA-325","antibiotic inactivation"
"k141_4940_length_9748_cov_9.0000_3","multidrug","mdtK","antibiotic efflux"
"k141_55629_length_5915_cov_6.0000_2","unclassified","transcriptional regulatory protein CpxR cpxR","antibiotic efflux"
"k141_54574_length_5140_cov_3.9814_4","fosmidomycin","rosA","antibiotic inactivation"
"k141_59523_length_2352_cov_4.0000_2","unclassified","cAMP-regulatory protein","antibiotic target alteration"
"k141_13332_length_1351_cov_3.0000_2","multidrug","emrE","antibiotic efflux"
"k141_19683_length_4141_cov_47.3533_2","sulfonamide","sul1","antibiotic target replacement"
"k141_51213_length_454525_cov_83.0141_217","multidrug","mdtG","antibiotic efflux"
"k141_14701_length_357976_cov_90.1148_68","multidrug","acrB","antibiotic efflux"
"k141_129378_length_302639_cov_29.9870_18","unclassified","cAMP-regulatory protein","antibiotic target alteration"
"k141_33460_length_254421_cov_61.0265_168","multidrug","multidrug_transporter","antibiotic efflux"
"k141_33460_length_254421_cov_61.0265_221","multidrug","mexW","antibiotic efflux"
"k141_398452_length_210961_cov_47.0347_133","multidrug","mexF","antibiotic efflux"
"k141_323260_length_197785_cov_30.7598_23","polymyxin","arnA","antibiotic efflux"
"k141_159410_length_149070_cov_90.1649_8","multidrug","emrB","antibiotic efflux"
"k141_148727_length_124608_cov_69.0092_78","unclassified","DNA-binding_protein_H-NS","antibiotic efflux"
"k141_207565_length_102488_cov_18.9831_17","unclassified","cAMP-regulatory protein","antibiotic target alteration"
"k141_87627_length_98475_cov_17.0000_77","multidrug","TolC","antibiotic efflux"
"k141_87627_length_98475_cov_17.0000_91","bacitracin","bacA","antibiotic target alteration"
"k141_74826_length_97387_cov_23.4072_19","unclassified","transcriptional regulatory protein CpxR cpxR","antibiotic efflux"
"k141_259802_length_89408_cov_18.0585_81","multidrug","multidrug_transporter","antibiotic efflux"
"k141_42859_length_87523_cov_19.0019_19","multidrug","multidrug_transporter","antibiotic efflux"
"k141_78246_length_75847_cov_21.7705_52","multidrug","mdtM","antibiotic efflux"
"k141_467000_length_71440_cov_97.0568_3","bacitracin","bacA","antibiotic target alteration"
"k141_14066_length_67485_cov_117.0477_16","unclassified","transcriptional regulatory protein CpxR cpxR","antibiotic efflux"
"k141_439934_length_54429_cov_24.0000_38","unclassified","transcriptional regulatory protein CpxR cpxR","antibiotic efflux"
"k141_114621_length_52115_cov_16.1387_23","multidrug","emrD","antibiotic efflux"
"k141_355594_length_47557_cov_51.0000_2","multidrug","acrA","antibiotic efflux"
"k141_355594_length_47557_cov_51.0000_17","fosmidomycin","rosB","antibiotic efflux"
"k141_355594_length_47557_cov_51.0000_18","fosmidomycin","rosA","antibiotic inactivation"
"k141_269824_length_43567_cov_28.9819_15","multidrug","emrD","antibiotic efflux"
"k141_18270_length_42075_cov_104.0231_25","unclassified","cAMP-regulatory protein","antibiotic target alteration"
"k141_122547_length_41574_cov_15.0000_15","multidrug","mdtA","antibiotic efflux"
"k141_122547_length_41574_cov_15.0000_16","multidrug","mdtB","antibiotic efflux"
"k141_122547_length_41574_cov_15.0000_17","multidrug","mdtC","antibiotic efflux"
"k141_122547_length_41574_cov_15.0000_18","multidrug","mdtD","antibiotic efflux"
"k141_181860_length_39727_cov_11.9964_36","multidrug","multidrug_transporter","antibiotic efflux"
"k141_207269_length_37407_cov_46.9270_26","multidrug","mexT","antibiotic efflux"
"k141_420414_length_33439_cov_19.0000_2","fosmidomycin","rosB","antibiotic efflux"
"k141_420414_length_33439_cov_19.0000_17","multidrug","mexE","antibiotic efflux"
"k141_420414_length_33439_cov_19.0000_18","multidrug","multidrug_transporter","antibiotic efflux"
"k141_388639_length_33395_cov_8.0000_34","beta-lactam","SHV","antibiotic inactivation"
"k141_160974_length_31033_cov_12.0000_14","bacitracin","bacA","antibiotic target alteration"
"k141_160974_length_31033_cov_12.0000_27","multidrug","TolC","antibiotic efflux"
"k141_411223_length_23796_cov_17.0000_23","multidrug","emrA","antibiotic efflux"
"k141_411223_length_23796_cov_17.0000_24","multidrug","emrB","antibiotic efflux"
"k141_232661_length_21663_cov_19.0000_19","multidrug","emrA","antibiotic efflux"
"k141_232661_length_21663_cov_19.0000_20","multidrug","emrB","antibiotic efflux"
"k141_45440_length_19839_cov_44.0000_2","polymyxin","arnA","antibiotic efflux"
"k141_297087_length_18419_cov_25.0000_13","macrolide-lincosamide-streptogramin","macA","antibiotic efflux"
"k141_297087_length_18419_cov_25.0000_14","macrolide-lincosamide-streptogramin","macB","antibiotic efflux"
"k141_283448_length_17410_cov_41.0000_12","multidrug","mdtD","antibiotic efflux"
"k141_283448_length_17410_cov_41.0000_13","multidrug","mdtC","antibiotic efflux"
"k141_331095_length_16341_cov_36.5197_2","multidrug","mexD","antibiotic efflux"
"k141_347533_length_15638_cov_47.0196_6","bacitracin","bacA","antibiotic target alteration"
"k141_140427_length_14793_cov_6.0000_16","multidrug","mdtH","antibiotic efflux"
"k141_72020_length_14404_cov_8.0000_14","unclassified","sdiA","antibiotic efflux"
"k141_206556_length_14158_cov_21.0000_17","unclassified","bacterial regulatory protein LuxR","unknown"
"k141_280587_length_13658_cov_9.0000_8","multidrug","mdtG","antibiotic efflux"
"k141_204359_length_13336_cov_13.1300_9","unclassified","DNA-binding_protein_H-NS","antibiotic efflux"
"k141_359107_length_10819_cov_17.0000_8","multidrug","mdtH","antibiotic efflux"
"k141_259462_length_10146_cov_7.0000_2","multidrug","mdfA","antibiotic efflux"
"k141_69518_length_9989_cov_35.8526_4","multidrug","mexT","antibiotic efflux"
"k141_335460_length_9928_cov_11.0000_8","aminoglycoside","aac(6')-I","antibiotic inactivation"
"k141_393243_length_9926_cov_7.0000_4","macrolide-lincosamide-streptogramin","macB","antibiotic efflux"
"k141_393243_length_9926_cov_7.0000_5","macrolide-lincosamide-streptogramin","macA","antibiotic efflux"
"k141_375502_length_9174_cov_17.0000_3","multidrug","smeD","antibiotic efflux"
"k141_375502_length_9174_cov_17.0000_4","multidrug","multidrug_transporter","antibiotic efflux"
"k141_375502_length_9174_cov_17.0000_5","multidrug","smeF","antibiotic efflux"
"k141_67749_length_8925_cov_51.5041_5","multidrug","mexW","antibiotic efflux"
"k141_91645_length_8719_cov_8.0000_3","multidrug","bicyclomycin-multidrug_efflux_protein_bcr","antibiotic efflux"
"k141_306207_length_8530_cov_7.0000_8","unclassified","cob(I)alamin adenolsyltransferase","unknown"
"k141_87933_length_7433_cov_49.3006_7","bacitracin","bacA","antibiotic target alteration"
"k141_39051_length_6623_cov_6.0000_4","unclassified","sdiA","antibiotic efflux"
"k141_206532_length_5783_cov_6.0000_8","beta-lactam","class A beta-lactamase","antibiotic inactivation"
"k141_67872_length_5466_cov_6.0000_2","multidrug","mdtA","antibiotic efflux"
"k141_237489_length_5096_cov_8.0000_3","multidrug","mdtK","antibiotic efflux"
"k141_157515_length_3644_cov_9.0000_2","multidrug","bicyclomycin-multidrug_efflux_protein_bcr","antibiotic efflux"
"k141_134325_length_3381_cov_12.0000_2","multidrug","mdfA","antibiotic efflux"
"k141_317670_length_2091_cov_8.0000_2","tetracycline","tetA","antibiotic efflux"
"k141_69948_length_1937_cov_41.0000_2","multidrug","emrE","antibiotic efflux"
"k141_162893_length_1247_cov_74.0000_1","bacitracin","bacA","antibiotic target alteration"
"k141_290838_length_1194_cov_3.0000_2","bacitracin","bacA","antibiotic target alteration"
"k141_97398_length_369138_cov_47.8560_134","multidrug","bicyclomycin-multidrug_efflux_protein_bcr","antibiotic efflux"
"k141_97398_length_369138_cov_47.8560_214","multidrug","mdtE","antibiotic efflux"
"k141_97398_length_369138_cov_47.8560_215","multidrug","mdtC","antibiotic efflux"
"k141_97398_length_369138_cov_47.8560_216","multidrug","mdtB","antibiotic efflux"
"k141_97398_length_369138_cov_47.8560_217","multidrug","mdtA","antibiotic efflux"
"k141_54959_length_361110_cov_387.5096_89","multidrug","multidrug_transporter","antibiotic efflux"
"k141_74784_length_169291_cov_49.8195_60","fosmidomycin","rosB","antibiotic efflux"
"k141_74784_length_169291_cov_49.8195_74","multidrug","acrA","antibiotic efflux"
"k141_74784_length_169291_cov_49.8195_75","multidrug","acrB","antibiotic efflux"
"k141_148182_length_144572_cov_287.3238_69","multidrug","mexF","antibiotic efflux"
"k141_124614_length_139098_cov_45.0808_122","multidrug","mdtK","antibiotic efflux"
"k141_18400_length_126371_cov_48.7016_8","multidrug","EmrB-QacA family major facilitator transporter","antibiotic efflux"
"k141_18400_length_126371_cov_48.7016_9","multidrug","emrA","antibiotic efflux"
"k141_120519_length_113846_cov_55.4020_1","multidrug","mdfA","antibiotic efflux"
"k141_120519_length_113846_cov_55.4020_33","multidrug","major_facilitator_superfamily_transporter","antibiotic efflux"
"k141_163850_length_108660_cov_72.8741_42","unclassified","transcriptional regulatory protein CpxR cpxR","antibiotic efflux"
"k141_166530_length_102877_cov_59.8556_50","multidrug","acrB","antibiotic efflux"
"k141_166530_length_102877_cov_59.8556_78","multidrug","emrD","antibiotic efflux"
"k141_70432_length_95747_cov_73.0735_47","unclassified","DNA-binding_protein_H-NS","antibiotic efflux"
"k141_70432_length_95747_cov_73.0735_81","unclassified","cob(I)alamin adenolsyltransferase","unknown"
"k141_131845_length_84183_cov_45.0000_77","unclassified","sdiA","antibiotic efflux"
"k141_47475_length_82621_cov_48.7446_58","macrolide-lincosamide-streptogramin","macA","antibiotic efflux"
"k141_47475_length_82621_cov_48.7446_59","macrolide-lincosamide-streptogramin","macB","antibiotic efflux"
"k141_121704_length_69262_cov_49.8378_30","multidrug","mdtH","antibiotic efflux"
"k141_121704_length_69262_cov_49.8378_41","multidrug","mdtG","antibiotic efflux"
"k141_44571_length_61293_cov_57.4884_16","multidrug","TolC","antibiotic efflux"
"k141_44571_length_61293_cov_57.4884_32","bacitracin","bacA","antibiotic target alteration"
"k141_172021_length_41014_cov_100.9378_18","multidrug","acrB","antibiotic efflux"
"k141_78169_length_38802_cov_71.3423_38","multidrug","mdtK","antibiotic efflux"
"k141_153782_length_34387_cov_92.6956_24","beta-lactam","ACT-20","antibiotic inactivation"
"k141_184941_length_31590_cov_45.9233_8","unclassified","cAMP-regulatory protein","antibiotic target alteration"
"k141_30390_length_29700_cov_47.0000_12","bacitracin","bacA","antibiotic target alteration"
"k141_12222_length_26656_cov_59.2393_2","multidrug","major_facilitator_superfamily_transporter","antibiotic efflux"
"k141_142543_length_23064_cov_52.1854_18","fosmidomycin","rosB","antibiotic efflux"
"k141_167227_length_20593_cov_107.8344_3","multidrug","emrB","antibiotic efflux"
"k141_15340_length_19092_cov_48.8701_4","unclassified","transcriptional regulatory protein CpxR cpxR","antibiotic efflux"
"k141_176312_length_18959_cov_28.7469_8","unclassified","cAMP-regulatory protein","antibiotic target alteration"
"k141_140699_length_15828_cov_60.2922_13","multidrug","multidrug_transporter","antibiotic efflux"
"k141_102947_length_15176_cov_49.4845_7","multidrug","mdtB","antibiotic efflux"
"k141_55714_length_9463_cov_15.5063_14","vancomycin","vanR","antibiotic target alteration"
"k141_11131_length_7877_cov_13.3971_5","vancomycin","vanR","antibiotic target alteration"
"k141_3138_length_7436_cov_141.2939_2","bacitracin","bacA","antibiotic target alteration"
"k141_49596_length_6544_cov_52.0592_2","aminoglycoside","aph(6)-I","antibiotic inactivation"
"k141_75028_length_5827_cov_213.9756_2","bacitracin","bacA","antibiotic target alteration"
"k141_53487_length_2487_cov_7.0000_4","bacitracin","bacA","antibiotic target alteration"
"k141_13039_length_2416_cov_7.0000_3","unclassified","transcriptional regulatory protein CpxR cpxR","antibiotic efflux"
"k141_33872_length_1735_cov_4.0000_1","bacitracin","bacA","antibiotic target alteration"
"k141_64219_length_1531_cov_8.0000_2","unclassified","DNA-binding_protein_H-NS","antibiotic efflux"
"k141_101831_length_1354_cov_131.9382_2","vancomycin","vanR","antibiotic target alteration"
"k141_168371_length_1223_cov_224.0000_2","vancomycin","vanR","antibiotic target alteration"
"k141_117615_length_1188_cov_5.0000_2","bacitracin","bacA","antibiotic target alteration"
"k141_176677_length_1160_cov_5.0000_1","multidrug","mexT","antibiotic efflux"
"k141_126078_length_510633_cov_461.1299_329","bacitracin","bacA","antibiotic target alteration"
"k141_77482_length_1136_cov_5.0000_2","beta-lactam","metallo-beta-lactamase","antibiotic target replacement"
"k141_24440_length_4468_cov_14.0000_6","unclassified","transcriptional regulatory protein CpxR cpxR","antibiotic efflux"
"k141_22069_length_3346_cov_7.0000_3","multidrug","mexT","antibiotic efflux"
"k141_31162_length_1413_cov_4.0000_2","bacitracin","bacA","antibiotic target alteration"
"k141_31628_length_1263_cov_243.0000_2","unclassified","cAMP-regulatory protein","antibiotic target alteration"
"k141_29701_length_800413_cov_160.0087_208","multidrug","major_facilitator_superfamily_transporter","antibiotic efflux"
"k141_29701_length_800413_cov_160.0087_473","fosmidomycin","rosB","antibiotic efflux"
"k141_29701_length_800413_cov_160.0087_490","multidrug","acrB","antibiotic efflux"
"k141_159008_length_646855_cov_156.0213_212","unclassified","DNA-binding_protein_H-NS","antibiotic efflux"
"k141_159008_length_646855_cov_156.0213_244","unclassified","cob(I)alamin adenolsyltransferase","unknown"
"k141_26523_length_462245_cov_167.0129_30","unclassified","cAMP-regulatory protein","antibiotic target alteration"
"k141_167950_length_339584_cov_160.9802_11","multidrug","mdtC","antibiotic efflux"
"k141_167950_length_339584_cov_160.9802_12","multidrug","mdtB","antibiotic efflux"
"k141_217653_length_223184_cov_160.0634_11","multidrug","emrB","antibiotic efflux"
"k141_90444_length_165762_cov_163.4552_52","bacitracin","bacA","antibiotic target alteration"
"k141_125276_length_124198_cov_160.8234_41","unclassified","transcriptional regulatory protein CpxR cpxR","antibiotic efflux"
"k141_7320_length_54703_cov_245.9281_36","multidrug","mexD","antibiotic efflux"
"k141_186411_length_41774_cov_246.9871_15","multidrug","mexF","antibiotic efflux"
"k141_186411_length_41774_cov_246.9871_17","multidrug","mexT","antibiotic efflux"
"k141_197957_length_21381_cov_41.1018_4","vancomycin","vanR","antibiotic target alteration"
"k141_7217_length_17545_cov_144.2997_2","multidrug","multidrug_transporter","antibiotic efflux"
"k141_7217_length_17545_cov_144.2997_3","multidrug","smeD","antibiotic efflux"
"k141_248420_length_16878_cov_228.0870_6","bacitracin","bacA","antibiotic target alteration"
"k141_184682_length_4117_cov_336.0428_2","multidrug","mexD","antibiotic efflux"
"k141_6330_length_196302_cov_21.0000_8","multidrug","emrB","antibiotic efflux"
"k141_79538_length_178012_cov_21.3613_87","bacitracin","bacA","antibiotic target alteration"
"k141_57128_length_176431_cov_27.9981_87","fosmidomycin","rosB","antibiotic efflux"
"k141_57128_length_176431_cov_27.9981_104","multidrug","acrB","antibiotic efflux"
"k141_262995_length_166515_cov_30.0000_94","multidrug","mdtB","antibiotic efflux"
"k141_324733_length_112181_cov_28.0000_105","multidrug","major_facilitator_superfamily_transporter","antibiotic efflux"
"k141_273069_length_76034_cov_33.9852_70","unclassified","transcriptional regulatory protein CpxR cpxR","antibiotic efflux"
"k141_258087_length_47534_cov_25.7999_25","unclassified","cAMP-regulatory protein","antibiotic target alteration"
"k141_251234_length_117685_cov_191.9253_110","multidrug","mexT","antibiotic efflux"
"k141_180630_length_60022_cov_400.7367_23","multidrug","multidrug_transporter","antibiotic efflux"
"k141_87166_length_49926_cov_62.8593_34","vancomycin","vanR","antibiotic target alteration"
"k141_288063_length_35755_cov_26.0000_19","bacitracin","bacA","antibiotic target alteration"
"k141_6918_length_33163_cov_61.6860_20","multidrug","mexF","antibiotic efflux"
"k141_354614_length_26999_cov_25.0000_6","multidrug","mexF","antibiotic efflux"
"k141_234944_length_25232_cov_62.3797_11","multidrug","mexD","antibiotic efflux"
"k141_202203_length_23859_cov_403.2184_5","bacitracin","bacA","antibiotic target alteration"
"k141_234867_length_23007_cov_32.0000_8","multidrug","mexW","antibiotic efflux"
"k141_126538_length_22578_cov_390.3217_7","multidrug","mexF","antibiotic efflux"
"k141_92154_length_21914_cov_53.9967_2","multidrug","mexT","antibiotic efflux"
"k141_286183_length_18470_cov_118.0468_2","multidrug","multidrug_transporter","antibiotic efflux"
"k141_261794_length_16978_cov_21.0000_3","multidrug","mexE","antibiotic efflux"
"k141_73441_length_16186_cov_15.0000_5","beta-lactam","metallo-beta-lactamase","antibiotic target replacement"
"k141_115628_length_10666_cov_25.4237_2","multidrug","smeD","antibiotic efflux"
"k141_196066_length_9171_cov_12.0000_3","aminoglycoside","aph(3')-IIb","antibiotic inactivation"
"k141_325368_length_8750_cov_26.0000_6","bacitracin","bacA","antibiotic target alteration"
"k141_300464_length_7181_cov_21.0000_3","vancomycin","vanR","antibiotic target alteration"
"k141_101555_length_6407_cov_23.0000_6","bacitracin","bacA","antibiotic target alteration"
"k141_139990_length_3794_cov_13.9253_3","vancomycin","vanR","antibiotic target alteration"
"k141_253995_length_3655_cov_12.0000_2","multidrug","smeC","antibiotic efflux"
"k141_78665_length_2262_cov_7.0000_3","tetracycline","tetracycline_resistance_protein","antibiotic efflux"
"k141_302909_length_1088_cov_134.0000_2","multidrug","multidrug_ABC_transporter","antibiotic efflux"
"k141_26725_length_296858_cov_29.4996_42","multidrug","mdtB","antibiotic efflux"
"k141_30469_length_226752_cov_35.4520_49","multidrug","acrB","antibiotic efflux"
"k141_205534_length_8019_cov_9.0000_5","unclassified","transcriptional regulatory protein CpxR cpxR","antibiotic efflux"
"k141_40387_length_6084_cov_6.0000_6","unclassified","cAMP-regulatory protein","antibiotic target alteration"
"k141_51439_length_5813_cov_5.0000_4","multidrug","emrB","antibiotic efflux"
"k141_71292_length_2244_cov_9.0000_3","unclassified","transcriptional regulatory protein CpxR cpxR","antibiotic efflux"
"k141_180360_length_1938_cov_6.0000_2","multidrug","TolC","antibiotic efflux"
"k141_49136_length_1797_cov_7.6914_2","bacitracin","bacA","antibiotic target alteration"
"k141_79004_length_10023_cov_53.9974_9","bacitracin","bacA","antibiotic target alteration"
"k141_400643_length_6379_cov_22.8871_8","bacitracin","bacA","antibiotic target alteration"
"k141_275946_length_612751_cov_1087.1370_14","multidrug","smeD","antibiotic efflux"
"k141_275946_length_612751_cov_1087.1370_15","multidrug","multidrug_transporter","antibiotic efflux"
"k141_275946_length_612751_cov_1087.1370_16","multidrug","smeF","antibiotic efflux"
"k141_13114_length_597302_cov_1062.8283_154","multidrug","mexE","antibiotic efflux"
"k141_13114_length_597302_cov_1062.8283_155","multidrug","smeB","antibiotic efflux"
"k141_13114_length_597302_cov_1062.8283_156","multidrug","smeC","antibiotic efflux"
"k141_234046_length_301604_cov_1059.2608_189","aminoglycoside","aph(3')-IIb","antibiotic inactivation"
"k141_12584_length_300948_cov_1071.0564_16","beta-lactam","metallo-beta-lactamase","antibiotic target replacement"
"k141_211953_length_5761_cov_7.0000_1","bacitracin","bacA","antibiotic target alteration"
"k141_210495_length_4712_cov_6.0000_4","unclassified","transcriptional regulatory protein CpxR cpxR","antibiotic efflux"
"k141_228091_length_3369_cov_5.0000_2","multidrug","emrB","antibiotic efflux"
"k141_228091_length_3369_cov_5.0000_3","multidrug","emrA","antibiotic efflux"
"k141_73835_length_3143_cov_5.0000_2","multidrug","mdtA","antibiotic efflux"
"k141_220928_length_3008_cov_5.0000_3","unclassified","cob(I)alamin adenolsyltransferase","unknown"
"k141_172133_length_2898_cov_4.0000_2","polymyxin","arnA","antibiotic efflux"
"k141_178563_length_2243_cov_5.0000_1","unclassified","cAMP-regulatory protein","antibiotic target alteration"
"k141_171620_length_2040_cov_4.0000_2","multidrug","TolC","antibiotic efflux"
"k131_57766_length_8378_cov_18.0000_10","macrolide-lincosamide-streptogramin","ermF","antibiotic target alteration"
"k131_116571_length_5230_cov_9.0000_2","tetracycline","tetQ","antibiotic efflux"
"k131_460115_length_2889_cov_5.0000_3","multidrug","emrD","antibiotic efflux"
"k131_374350_length_2640_cov_10.0000_1","tetracycline","tetO","antibiotic efflux"
"k131_175991_length_2185_cov_5.9197_3","multidrug","emrB","antibiotic efflux"
"k131_175991_length_2185_cov_5.9197_4","multidrug","emrB","antibiotic efflux"
"k131_180791_length_2058_cov_5.0000_2","unclassified","cAMP-regulatory protein","antibiotic target alteration"
"k131_183637_length_1866_cov_5.0000_2","macrolide-lincosamide-streptogramin","mphB","antibiotic inactivation"
"k131_56989_length_1353_cov_4.0000_1","beta-lactam","TEM-171","antibiotic inactivation"
"k131_20044_length_13466_cov_13.0000_5","bacitracin","bacA","antibiotic target alteration"
"k119_4735_length_68545_cov_34.0000_31","vancomycin","vanR","antibiotic target alteration"
"k119_194238_length_56736_cov_10.9965_6","multidrug","mexT","antibiotic efflux"
"k119_12855_length_37924_cov_20.7407_27","multidrug","multidrug_transporter","antibiotic efflux"
"k119_51279_length_17405_cov_22.9745_8","multidrug","mexW","antibiotic efflux"
"k119_43023_length_8176_cov_11.0000_8","bacitracin","bacA","antibiotic target alteration"
"k119_183690_length_5330_cov_6.0000_1","vancomycin","vanH","antibiotic target alteration"
"k119_183690_length_5330_cov_6.0000_2","vancomycin","vanA","antibiotic target alteration"
"k119_183690_length_5330_cov_6.0000_3","vancomycin","vanX","antibiotic target alteration"
"k119_183690_length_5330_cov_6.0000_4","vancomycin","vanR","antibiotic target alteration"
"k119_141279_length_3838_cov_8.0000_2","bacitracin","bcrA","antibiotic efflux"
"k119_141279_length_3838_cov_8.0000_4","bacitracin","bacA","antibiotic target alteration"
"k119_178417_length_3694_cov_12.9192_2","multidrug","mexF","antibiotic efflux"
"k119_60481_length_16352_cov_14.0000_6","multidrug","mexW","antibiotic efflux"
"k119_178574_length_14859_cov_6.9931_4","bacitracin","bacA","antibiotic target alteration"
"k119_11971_length_5161_cov_7.0000_2","bacitracin","bacA","antibiotic target alteration"
"k119_192076_length_3024_cov_5.0000_2","bacitracin","bacA","antibiotic target alteration"
"k119_112598_length_2184_cov_4.0000_2","bacitracin","bacA","antibiotic target alteration"
"k119_17197_length_1505_cov_5.0000_2","unclassified","cAMP-regulatory protein","antibiotic target alteration"
"k119_19148_length_164763_cov_23.0000_74","multidrug","mexW","antibiotic efflux"
"k119_11911_length_97826_cov_21.9957_24","multidrug","multidrug_transporter","antibiotic efflux"
"k119_3903_length_46437_cov_14.0406_13","bacitracin","bacA","antibiotic target alteration"
"k119_47710_length_39733_cov_13.9647_20","multidrug","mexT","antibiotic efflux"
"k119_47710_length_39733_cov_13.9647_22","multidrug","mexF","antibiotic efflux"
"k119_38758_length_2616_cov_5.0000_1","chloramphenicol","chloramphenicol exporter","antibiotic inactivation"
"k119_23887_length_2818_cov_4.0000_3","rifamycin","ADP-ribosylating transferase_arr","antibiotic inactivation"
"k119_54673_length_13867_cov_7.0000_14","multidrug","mexW","antibiotic efflux"
"k119_139767_length_2280_cov_5.0000_2","bacitracin","bacA","antibiotic target alteration"
"k119_142226_length_2783_cov_5.0000_2","bacitracin","bacA","antibiotic target alteration"
"k119_149129_length_1853_cov_4.0000_1","chloramphenicol","cat_chloramphenicol acetyltransferase","antibiotic inactivation"
"k119_145537_length_90963_cov_12.9974_22","unclassified","transcriptional regulatory protein CpxR cpxR","antibiotic efflux"
"k119_56154_length_30780_cov_10.0000_18","bacitracin","bacA","antibiotic target alteration"
"k119_100881_length_28552_cov_9.0000_13","multidrug","acrB","antibiotic efflux"
"k119_147024_length_9867_cov_8.0000_2","multidrug","mdtB","antibiotic efflux"
"k119_78222_length_8332_cov_8.0000_4","multidrug","emrB","antibiotic efflux"
"k119_115240_length_6705_cov_7.0000_5","multidrug","major_facilitator_superfamily_transporter","antibiotic efflux"
"k119_85066_length_4546_cov_7.0000_1","multidrug","mexT","antibiotic efflux"
"k119_73882_length_4279_cov_7.9529_4","chloramphenicol","floR","antibiotic efflux"
"k119_27033_length_1065_cov_6.0000_2","multidrug","qacEdelta1","antibiotic efflux"
"k119_74763_length_3185_cov_5.0000_2","bacitracin","bacA","antibiotic target alteration"
"k119_162717_length_291759_cov_18.9975_49","bacitracin","bacA","antibiotic target alteration"
"k119_98035_length_1145_cov_7.0000_1","vancomycin","vanR","antibiotic target alteration"
"k141_488475_length_3413_cov_22.0000_1","bacitracin","bacA","antibiotic target alteration"
"k141_322681_length_278140_cov_14.1513_155","bacitracin","bacA","antibiotic target alteration"
"k141_585786_length_37167_cov_63.0426_11","bacitracin","bacA","antibiotic target alteration"
"k141_651316_length_1674_cov_7.0000_2","vancomycin","vanR","antibiotic target alteration"
"k141_456119_length_12524_cov_8.0000_12","multidrug","mexT","antibiotic efflux"
"k141_79007_length_12047_cov_20.0998_10","bacitracin","bacA","antibiotic target alteration"
"k141_480390_length_10575_cov_14.0000_2","multidrug","multidrug_transporter","antibiotic efflux"
"k141_728255_length_1021_cov_2.0000_1","multidrug","mexW","antibiotic efflux"
"k141_892373_length_10212_cov_8.0000_1","multidrug","multidrug_transporter","antibiotic efflux"
"k141_873808_length_7101_cov_10.0000_1","bacitracin","bacA","antibiotic target alteration"
"k141_917285_length_2424_cov_5.0000_2","bacitracin","bacA","antibiotic target alteration"
"k141_442699_length_1997_cov_7.0000_2","multidrug","smeD","antibiotic efflux"
"k141_179032_length_1514_cov_4.9709_2","bacitracin","bacA","antibiotic target alteration"
"k141_830211_length_1280_cov_5.0000_1","multidrug","mexT","antibiotic efflux"
"k141_232131_length_81612_cov_13.7110_42","unclassified","transcriptional regulatory protein CpxR cpxR","antibiotic efflux"
"k141_784829_length_30336_cov_12.1145_9","multidrug","TolC","antibiotic efflux"
"k141_784829_length_30336_cov_12.1145_21","bacitracin","bacA","antibiotic target alteration"
"k141_690569_length_27288_cov_10.1426_25","multidrug","mdtG","antibiotic efflux"
"k141_615042_length_19721_cov_14.5934_2","unclassified","cAMP-regulatory protein","antibiotic target alteration"
"k141_419260_length_18206_cov_11.0000_8","fosmidomycin","rosA","antibiotic inactivation"
"k141_419260_length_18206_cov_11.0000_9","fosmidomycin","rosB","antibiotic efflux"
"k141_458953_length_13957_cov_14.7376_7","multidrug","emrB","antibiotic efflux"
"k141_514248_length_6935_cov_8.0000_2","multidrug","acrB","antibiotic efflux"
"k141_892388_length_6092_cov_9.0000_5","multidrug","major_facilitator_superfamily_transporter","antibiotic efflux"
"k141_123178_length_3339_cov_7.0000_5","bacitracin","bacA","antibiotic target alteration"
"k141_932911_length_2710_cov_7.0000_2","bacitracin","bacA","antibiotic target alteration"
"k141_101699_length_1485_cov_4.9859_1","multidrug","mdtH","antibiotic efflux"
"k141_117160_length_1467_cov_11.6682_1","multidrug","mexT","antibiotic efflux"
"k141_83064_length_1387_cov_7.0000_2","bacitracin","bacA","antibiotic target alteration"
"k141_765017_length_1493_cov_5.9615_1","bacitracin","bacA","antibiotic target alteration"
"k141_49906_length_1415_cov_7.0000_1","bacitracin","bacA","antibiotic target alteration"
"k141_13878_length_28845_cov_52.3284_6","rifamycin","ADP-ribosylating transferase_arr","antibiotic inactivation"
"k141_1540_length_41336_cov_16.9038_14","bacitracin","bacA","antibiotic target alteration"
"k141_133431_length_30920_cov_81.6670_20","multidrug","mexF","antibiotic efflux"
"k141_81537_length_21365_cov_50.9430_3","multidrug","mexW","antibiotic efflux"
"k141_37290_length_8524_cov_23.0000_2","bacitracin","bacA","antibiotic target alteration"
"k141_47782_length_4805_cov_15.0000_2","multidrug","multidrug_transporter","antibiotic efflux"
"k141_60080_length_3513_cov_7.0000_3","multidrug","mexT","antibiotic efflux"
"k141_37405_length_5877_cov_16.3021_10","multidrug","major_facilitator_superfamily_transporter","antibiotic efflux"
"k141_118032_length_1008_cov_11.0000_2","multidrug","major_facilitator_superfamily_transporter","antibiotic efflux"
"k141_1363_length_2917_cov_4.0000_3","bacitracin","bacA","antibiotic target alteration"
"k141_46873_length_1565_cov_3.0000_1","multidrug","mexT","antibiotic efflux"
"k141_44831_length_2361_cov_4.0000_2","multidrug","mexT","antibiotic efflux"
"k141_21021_length_125051_cov_16.9995_10","multidrug","mexW","antibiotic efflux"
"k141_12777_length_75351_cov_14.9998_28","multidrug","mexF","antibiotic efflux"
"k141_67027_length_50665_cov_15.0112_8","multidrug","mexD","antibiotic efflux"
"k141_46331_length_1305_cov_4.0000_2","bacitracin","bacA","antibiotic target alteration"
"k119_76150_length_230917_cov_19.9967_205","multidrug","mexT","antibiotic efflux"
"k119_53511_length_113875_cov_13.4601_121","bacitracin","bacA","antibiotic target alteration"
"k119_14373_length_89267_cov_17.7513_52","multidrug","multidrug_transporter","antibiotic efflux"
"k119_58001_length_61199_cov_11.0000_24","multidrug","mexF","antibiotic efflux"
"k119_58001_length_61199_cov_11.0000_31","multidrug","mexT","antibiotic efflux"
"k119_1113_length_47110_cov_18.3434_35","multidrug","mexW","antibiotic efflux"
"k119_108654_length_43801_cov_13.9940_20","multidrug","mexF","antibiotic efflux"
"k119_108654_length_43801_cov_13.9940_22","multidrug","mexT","antibiotic efflux"
"k119_56415_length_32241_cov_12.9862_4","multidrug","mdtB","antibiotic efflux"
"k119_56415_length_32241_cov_12.9862_5","multidrug","mdtC","antibiotic efflux"
"k119_102135_length_28186_cov_14.0000_20","multidrug","major_facilitator_superfamily_transporter","antibiotic efflux"
"k119_27319_length_27206_cov_12.7837_3","bacitracin","bacA","antibiotic target alteration"
"k119_16263_length_12003_cov_6.9697_7","multidrug","emrE","antibiotic efflux"
"k119_9238_length_11178_cov_20.0000_6","multidrug","multidrug_transporter","antibiotic efflux"
"k119_107770_length_9451_cov_17.8534_6","unclassified","transcriptional regulatory protein CpxR cpxR","antibiotic efflux"
"k119_65971_length_7941_cov_14.7902_5","multidrug","emrB","antibiotic efflux"
"k119_49084_length_3190_cov_9.0000_2","bacitracin","bacA","antibiotic target alteration"
"k119_54595_length_326699_cov_24.9973_107","multidrug","mexF","antibiotic efflux"
"k119_54595_length_326699_cov_24.9973_112","multidrug","mexT","antibiotic efflux"
"k119_70589_length_22719_cov_41.9274_19","multidrug","multidrug_transporter","antibiotic efflux"
"k119_60918_length_16279_cov_6.0000_8","multidrug","emrE","antibiotic efflux"
"k119_65776_length_15417_cov_17.1476_9","multidrug","acrB","antibiotic efflux"
"k119_93299_length_9493_cov_11.0000_1","multidrug","mexT","antibiotic efflux"
"k119_73444_length_9462_cov_12.6440_6","multidrug","multidrug_transporter","antibiotic efflux"
"k119_18565_length_3170_cov_7.0000_3","bacitracin","bacA","antibiotic target alteration"
"k119_5908_length_2932_cov_6.2492_2","multidrug","mexT","antibiotic efflux"
"k119_27020_length_1412_cov_5.0000_1","bacitracin","bacA","antibiotic target alteration"
"k119_138983_length_12046_cov_9.0000_6","bacitracin","bacA","antibiotic target alteration"
"k119_71201_length_10220_cov_22.1248_4","multidrug","mexF","antibiotic efflux"
"k119_55617_length_1244_cov_12.5182_1","bacitracin","bacA","antibiotic target alteration"
"k119_18825_length_527403_cov_23.0576_185","multidrug","multidrug_transporter","antibiotic efflux"
"k119_18825_length_527403_cov_23.0576_186","multidrug","adeB","antibiotic efflux"
"k119_18825_length_527403_cov_23.0576_428","beta-lactam","OXA-348","antibiotic inactivation"
"k119_18825_length_527403_cov_23.0576_452","tetracycline","tetR","antibiotic efflux"
"k119_75451_length_497475_cov_30.1237_337","multidrug","multidrug_ABC_transporter","antibiotic efflux"
"k119_75451_length_497475_cov_30.1237_338","multidrug","mexE","antibiotic efflux"
"k119_75451_length_497475_cov_30.1237_344","multidrug","abeS","antibiotic efflux"
"k119_75451_length_497475_cov_30.1237_463","multidrug","mdtL","antibiotic efflux"
"k119_23065_length_417333_cov_40.4894_314","multidrug","mdfA","antibiotic efflux"
"k119_43899_length_368204_cov_17.1589_229","multidrug","mexT","antibiotic efflux"
"k119_61001_length_331615_cov_37.0401_57","macrolide-lincosamide-streptogramin","macA","antibiotic efflux"
"k119_61001_length_331615_cov_37.0401_201","multidrug","mdtK","antibiotic efflux"
"k119_28475_length_313715_cov_25.7970_299","quinolone","abaQ","antibiotic efflux"
"k119_83243_length_253662_cov_18.0587_122","aminoglycoside","aac(6')-I","antibiotic inactivation"
"k119_37392_length_251521_cov_31.1454_41","multidrug","multidrug_transporter","antibiotic efflux"
"k119_37392_length_251521_cov_31.1454_42","multidrug","emrB","antibiotic efflux"
"k119_37392_length_251521_cov_31.1454_154","multidrug","mexT","antibiotic efflux"
"k119_75362_length_217654_cov_21.2036_113","multidrug","mdtK","antibiotic efflux"
"k119_82240_length_216300_cov_22.3349_62","multidrug","mdfA","antibiotic efflux"
"k119_69137_length_190449_cov_9.7299_27","multidrug","mexF","antibiotic efflux"
"k119_69137_length_190449_cov_9.7299_54","multidrug","mexT","antibiotic efflux"
"k119_60164_length_155956_cov_17.9956_50","multidrug","emrB","antibiotic efflux"
"k119_60164_length_155956_cov_17.9956_115","multidrug","multidrug_ABC_transporter","antibiotic efflux"
"k119_69964_length_146902_cov_19.2225_95","multidrug","adeK","antibiotic efflux"
"k119_69964_length_146902_cov_19.2225_96","multidrug","adeJ","antibiotic efflux"
"k119_71492_length_125006_cov_15.9928_60","multidrug","adeB","antibiotic efflux"
"k119_71492_length_125006_cov_15.9928_61","multidrug","adeA","antibiotic efflux"
"k119_61093_length_91868_cov_33.8389_12","multidrug","multidrug_transporter","antibiotic efflux"
"k119_61093_length_91868_cov_33.8389_13","multidrug","adeJ","antibiotic efflux"
"k119_61093_length_91868_cov_33.8389_14","multidrug","adeK","antibiotic efflux"
"k119_28284_length_87925_cov_40.2486_15","multidrug","major_facilitator_superfamily_transporter","antibiotic efflux"
"k119_28284_length_87925_cov_40.2486_69","multidrug","TolC","antibiotic efflux"
"k119_81896_length_79369_cov_9.9977_4","bacitracin","bacA","antibiotic target alteration"
"k119_75726_length_67705_cov_32.9811_35","multidrug","mexB","antibiotic efflux"
"k119_54441_length_47906_cov_16.0359_12","multidrug","mexW","antibiotic efflux"
"k119_43756_length_22858_cov_14.9877_15","multidrug","multidrug_transporter","antibiotic efflux"
"k119_58462_length_49435_cov_57.4436_14","multidrug","mexW","antibiotic efflux"
"k119_31698_length_13969_cov_13.0223_5","multidrug","mexW","antibiotic efflux"
"k119_50594_length_1940_cov_8.0000_1","multidrug","mexT","antibiotic efflux"
"k119_49997_length_1431_cov_4.0000_2","vancomycin","vanR","antibiotic target alteration"
"k119_54287_length_1262_cov_3.0000_2","multidrug","mexT","antibiotic efflux"
"k119_103954_length_27322_cov_8.0000_13","multidrug","multidrug_transporter","antibiotic efflux"
"k119_67079_length_23433_cov_7.9940_8","multidrug","mexW","antibiotic efflux"
"k119_47882_length_13552_cov_6.6209_4","unclassified","cAMP-regulatory protein","antibiotic target alteration"
"k119_1167_length_5781_cov_6.0000_6","bacitracin","bacA","antibiotic target alteration"
"k119_38931_length_1702_cov_5.9368_2","bacitracin","bacA","antibiotic target alteration"
"k119_103716_length_10855_cov_8.0000_4","multidrug","mexW","antibiotic efflux"
"k119_25426_length_2124_cov_4.0000_3","multidrug","mexT","antibiotic efflux"
"k119_21429_length_21983_cov_10.0000_8","multidrug","mexW","antibiotic efflux"
"k119_19634_length_15016_cov_11.9129_10","multidrug","multidrug_transporter","antibiotic efflux"
"k119_73601_length_379213_cov_18.0564_46","beta-lactam","PBP-1B","antibiotic target alteration"
"k119_99621_length_253423_cov_9.0000_46","multidrug","multidrug_transporter","antibiotic efflux"
"k119_99621_length_253423_cov_9.0000_68","bacitracin","bacA","antibiotic target alteration"
"k119_42097_length_5093_cov_5.0000_4","beta-lactam","OXA-355","antibiotic inactivation"
"k119_111107_length_1809_cov_4.0000_2","bacitracin","bacA","antibiotic target alteration"
"k119_94843_length_65621_cov_9.0293_38","bacitracin","bacA","antibiotic target alteration"
"k119_52877_length_62224_cov_14.0511_40","multidrug","mexT","antibiotic efflux"
"k119_70989_length_56048_cov_9.0435_39","multidrug","mexT","antibiotic efflux"
"k119_82738_length_38890_cov_7.0000_14","multidrug","mexD","antibiotic efflux"
"k119_82738_length_38890_cov_7.0000_15","multidrug","oprJ","antibiotic efflux"
"k119_43589_length_21798_cov_14.9092_6","bacitracin","bacA","antibiotic target alteration"
"k119_37271_length_17134_cov_15.9647_12","multidrug","mexW","antibiotic efflux"
"k119_27446_length_16363_cov_13.0000_8","multidrug","mexW","antibiotic efflux"
"k119_19384_length_10724_cov_9.9177_5","bacitracin","bacA","antibiotic target alteration"
"k119_83385_length_8437_cov_8.0000_1","multidrug","mexF","antibiotic efflux"
"k119_70864_length_4263_cov_5.9554_1","multidrug","mexT","antibiotic efflux"
"k119_13521_length_161990_cov_28.0000_110","multidrug","mexF","antibiotic efflux"
"k119_13856_length_104085_cov_42.4112_31","multidrug","mexW","antibiotic efflux"
"k119_31444_length_85990_cov_45.4254_29","bacitracin","bacA","antibiotic target alteration"
"k119_30139_length_85524_cov_41.4398_34","multidrug","mexF","antibiotic efflux"
"k119_30139_length_85524_cov_41.4398_43","multidrug","mexT","antibiotic efflux"
"k119_31945_length_36638_cov_47.9151_33","bacitracin","bacA","antibiotic target alteration"
"k119_28400_length_34644_cov_10.9777_2","multidrug","multidrug_transporter","antibiotic efflux"
"k119_11194_length_32248_cov_12.0000_8","multidrug","mexW","antibiotic efflux"
"k119_16602_length_22334_cov_8.4380_5","multidrug","mexF","antibiotic efflux"
"k119_19405_length_16519_cov_8.0000_11","multidrug","mexI","antibiotic efflux"
"k119_8258_length_15427_cov_5.0000_15","multidrug","mexT","antibiotic efflux"
"k119_32201_length_12140_cov_6.0000_8","multidrug","oprM","antibiotic efflux"
"k119_28374_length_3157_cov_6.0000_2","bacitracin","bacA","antibiotic target alteration"
"k119_23052_length_3024_cov_5.0000_2","multidrug","mexE","antibiotic efflux"
"k119_60477_length_433269_cov_21.9982_32","multidrug","mexF","antibiotic efflux"
"k119_60477_length_433269_cov_21.9982_49","multidrug","mexT","antibiotic efflux"
"k119_15109_length_230227_cov_18.0002_121","multidrug","multidrug_transporter","antibiotic efflux"
"k119_50171_length_183560_cov_12.9987_37","multidrug","mexT","antibiotic efflux"
"k119_50171_length_183560_cov_12.9987_65","multidrug","mexF","antibiotic efflux"
"k119_109291_length_176539_cov_9.9971_141","multidrug","TolC","antibiotic efflux"
"k119_109291_length_176539_cov_9.9971_152","bacitracin","bacA","antibiotic target alteration"
"k119_77747_length_174575_cov_34.9594_9","beta-lactam","OXA-352","antibiotic inactivation"
"k119_2322_length_159653_cov_38.4990_20","multidrug","multidrug_transporter","antibiotic efflux"
"k119_92378_length_128880_cov_47.3274_77","multidrug","mexB","antibiotic efflux"
"k119_2306_length_96813_cov_33.3308_71","multidrug","adeA","antibiotic efflux"
"k119_2306_length_96813_cov_33.3308_72","multidrug","adeB","antibiotic efflux"
"k119_2306_length_96813_cov_33.3308_73","multidrug","adeC","antibiotic efflux"
"k119_27927_length_89018_cov_10.7748_53","unclassified","transcriptional regulatory protein CpxR cpxR","antibiotic efflux"
"k119_29737_length_73240_cov_12.1269_7","multidrug","mexD","antibiotic efflux"
"k119_40019_length_71261_cov_43.4808_5","multidrug","multidrug_ABC_transporter","antibiotic efflux"
"k119_40019_length_71261_cov_43.4808_6","multidrug","mexE","antibiotic efflux"
"k119_12821_length_64402_cov_51.0215_42","multidrug","multidrug_transporter","antibiotic efflux"
"k119_12821_length_64402_cov_51.0215_44","multidrug","adeK","antibiotic efflux"
"k119_42867_length_58273_cov_54.5062_13","multidrug","mdfA","antibiotic efflux"
"k119_27848_length_56814_cov_56.2425_27","multidrug","mdtK","antibiotic efflux"
"k119_59045_length_55389_cov_9.2010_47","multidrug","emrB","antibiotic efflux"
"k119_72181_length_51293_cov_7.9973_38","fosmidomycin","rosA","antibiotic inactivation"
"k119_72181_length_51293_cov_7.9973_39","fosmidomycin","rosB","antibiotic efflux"
"k119_17731_length_49520_cov_51.9893_27","tetracycline","tetR","antibiotic efflux"
"k119_17731_length_49520_cov_51.9893_36","macrolide-lincosamide-streptogramin","macA","antibiotic efflux"
"k119_17731_length_49520_cov_51.9893_38","multidrug","oprM","antibiotic efflux"
"k119_52059_length_43926_cov_40.9635_4","multidrug","mdtL","antibiotic efflux"
"k119_30880_length_42992_cov_48.4905_42","multidrug","multidrug_transporter","antibiotic efflux"
"k119_30880_length_42992_cov_48.4905_43","multidrug","emrB","antibiotic efflux"
"k119_64830_length_37183_cov_9.9947_15","unclassified","cAMP-regulatory protein","antibiotic target alteration"
"k119_20120_length_32930_cov_7.9868_33","multidrug","acrB","antibiotic efflux"
"k119_75749_length_29829_cov_7.9953_21","multidrug","major_facilitator_superfamily_transporter","antibiotic efflux"
"k119_33366_length_28787_cov_36.9749_16","tetracycline","tetR","antibiotic efflux"
"k119_23710_length_26618_cov_60.9547_5","multidrug","TolC","antibiotic efflux"
"k119_66296_length_22630_cov_16.1891_2","multidrug","multidrug_transporter","antibiotic efflux"
"k119_36170_length_19773_cov_12.7713_19","multidrug","mexT","antibiotic efflux"
"k119_27898_length_18494_cov_56.9390_14","multidrug","major_facilitator_superfamily_transporter","antibiotic efflux"
"k119_106242_length_12575_cov_12.9938_3","multidrug","mexF","antibiotic efflux"
"k119_64840_length_12134_cov_6.9900_7","multidrug","mdtK","antibiotic efflux"
"k119_79420_length_7801_cov_7.8952_5","bacitracin","bacA","antibiotic target alteration"
"k119_74998_length_7581_cov_19.8116_5","bacitracin","bacA","antibiotic target alteration"
"k119_98722_length_7456_cov_7.0000_2","multidrug","mdtB","antibiotic efflux"
"k119_96437_length_6764_cov_9.0000_2","multidrug","smeD","antibiotic efflux"
"k119_96437_length_6764_cov_9.0000_3","multidrug","multidrug_transporter","antibiotic efflux"
"k119_66369_length_6616_cov_6.0000_2","multidrug","mdtB","antibiotic efflux"
"k119_32644_length_5069_cov_11.0000_2","multidrug","mexW","antibiotic efflux"
"k119_13068_length_4582_cov_5.9406_4","multidrug","mexT","antibiotic efflux"
"k119_46472_length_3526_cov_7.0000_2","fosmidomycin","rosB","antibiotic efflux"
"k119_104258_length_3316_cov_7.9575_4","bacitracin","bacA","antibiotic target alteration"
"k119_48463_length_3109_cov_5.0000_3","unclassified","DNA-binding_protein_H-NS","antibiotic efflux"
"k119_44559_length_2518_cov_6.0000_2","multidrug","emrB","antibiotic efflux"
"k119_79043_length_2191_cov_4.0000_1","unclassified","DNA-binding_protein_H-NS","antibiotic efflux"
"k141_246771_length_40000_cov_10.0000_37","multidrug","mexT","antibiotic efflux"
"k141_230209_length_22982_cov_10.0939_10","multidrug","mdtG","antibiotic efflux"
"k141_48369_length_22695_cov_10.1866_10","multidrug","acrB","antibiotic efflux"
"k141_195769_length_21004_cov_12.0000_5","bacitracin","bacA","antibiotic target alteration"
"k141_104432_length_20672_cov_10.9502_2","polymyxin","arnA","antibiotic efflux"
"k141_177351_length_16961_cov_11.5592_8","multidrug","acrA","antibiotic efflux"
"k141_177351_length_16961_cov_11.5592_9","multidrug","multidrug_transporter","antibiotic efflux"
"k141_138680_length_14655_cov_11.0000_5","unclassified","cAMP-regulatory protein","antibiotic target alteration"
"k141_135193_length_14466_cov_11.7984_12","multidrug","mdtA","antibiotic efflux"
"k141_168501_length_13508_cov_11.3399_11","unclassified","sdiA","antibiotic efflux"
"k141_242002_length_12421_cov_12.1145_6","multidrug","multidrug_transporter","antibiotic efflux"
"k141_187738_length_11699_cov_11.0000_2","fosfomycin","fosA","antibiotic inactivation"
"k141_63901_length_11616_cov_10.9103_8","unclassified","transcriptional regulatory protein CpxR cpxR","antibiotic efflux"
"k141_251083_length_11614_cov_9.0000_5","multidrug","bicyclomycin-multidrug_efflux_protein_bcr","antibiotic efflux"
"k141_217624_length_11455_cov_10.0000_6","multidrug","emrA","antibiotic efflux"
"k141_217624_length_11455_cov_10.0000_7","multidrug","EmrB-QacA family major facilitator transporter","antibiotic efflux"
"k141_118654_length_9895_cov_12.0000_10","beta-lactam","class C beta-lactamase","antibiotic inactivation"
"k141_71150_length_8986_cov_10.9412_4","multidrug","TolC","antibiotic efflux"
"k141_154837_length_8302_cov_9.0000_5","unclassified","cob(I)alamin adenolsyltransferase","unknown"
"k141_12142_length_6307_cov_10.6205_3","multidrug","emrD","antibiotic efflux"
"k141_260543_length_5811_cov_10.0000_1","unclassified","DNA-binding_protein_H-NS","antibiotic efflux"
"k141_176316_length_5261_cov_8.7855_2","multidrug","major_facilitator_superfamily_transporter","antibiotic efflux"
"k141_53724_length_4885_cov_8.0000_3","multidrug","mdtK","antibiotic efflux"
"k141_163069_length_3532_cov_13.0000_2","macrolide-lincosamide-streptogramin","macA","antibiotic efflux"
"k141_20070_length_3262_cov_6.0000_2","beta-lactam","OXA-243","antibiotic inactivation"
"k141_208800_length_2890_cov_10.0000_1","multidrug","mdfA","antibiotic efflux"
"k141_252764_length_2348_cov_3.0000_2","multidrug","oprJ","antibiotic efflux"
"k141_152143_length_5250_cov_7.0000_5","bacitracin","bacA","antibiotic target alteration"
"k141_93706_length_3745_cov_6.0000_2","multidrug","mexT","antibiotic efflux"
"k141_401858_length_1977_cov_5.6623_2","multidrug","mexW","antibiotic efflux"
"k141_392203_length_1843_cov_5.0000_3","vancomycin","vanR","antibiotic target alteration"
"k141_375868_length_1886_cov_8.8963_2","vancomycin","vanR","antibiotic target alteration"
"k141_43461_length_613580_cov_67.0367_288","multidrug","bicyclomycin-multidrug_efflux_protein_bcr","antibiotic efflux"
"k141_43461_length_613580_cov_67.0367_368","multidrug","mdtE","antibiotic efflux"
"k141_43461_length_613580_cov_67.0367_369","multidrug","mdtC","antibiotic efflux"
"k141_43461_length_613580_cov_67.0367_370","multidrug","mdtB","antibiotic efflux"
"k141_43461_length_613580_cov_67.0367_371","multidrug","mdtA","antibiotic efflux"
"k141_43472_length_452912_cov_53.3025_133","multidrug","mdtG","antibiotic efflux"
"k141_43472_length_452912_cov_53.3025_144","multidrug","mdtH","antibiotic efflux"
"k141_43472_length_452912_cov_53.3025_348","multidrug","mdtK","antibiotic efflux"
"k141_23944_length_439432_cov_84.9535_326","multidrug","TolC","antibiotic efflux"
"k141_23944_length_439432_cov_84.9535_342","bacitracin","bacA","antibiotic target alteration"
"k141_14181_length_434072_cov_1628.0597_126","multidrug","mdfA","antibiotic efflux"
"k141_36646_length_429341_cov_71.5412_154","multidrug","multidrug_transporter","antibiotic efflux"
"k141_36646_length_429341_cov_71.5412_155","multidrug","acrA","antibiotic efflux"
"k141_41382_length_405010_cov_45.1162_189","multidrug","mdtB","antibiotic efflux"
"k141_39716_length_361614_cov_50.0023_55","unclassified","cob(I)alamin adenolsyltransferase","unknown"
"k141_39716_length_361614_cov_50.0023_105","unclassified","DNA-binding_protein_H-NS","antibiotic efflux"
"k141_39716_length_361614_cov_50.0023_331","unclassified","sdiA","antibiotic efflux"
"k141_18262_length_241525_cov_65.8350_26","macrolide-lincosamide-streptogramin","macB","antibiotic efflux"
"k141_18262_length_241525_cov_65.8350_27","macrolide-lincosamide-streptogramin","macA","antibiotic efflux"
"k141_18262_length_241525_cov_65.8350_124","multidrug","mdfA","antibiotic efflux"
"k141_18262_length_241525_cov_65.8350_155","multidrug","major_facilitator_superfamily_transporter","antibiotic efflux"
"k141_42049_length_223288_cov_107.0098_136","unclassified","transcriptional regulatory protein CpxR cpxR","antibiotic efflux"
"k141_23656_length_215521_cov_57.3729_191","multidrug","emrB","antibiotic efflux"
"k141_23642_length_213655_cov_1375.8275_80","multidrug","mexT","antibiotic efflux"
"k141_24200_length_166305_cov_103.1503_29","unclassified","cAMP-regulatory protein","antibiotic target alteration"
"k141_27431_length_140979_cov_1447.3758_69","multidrug","adeK","antibiotic efflux"
"k141_27431_length_140979_cov_1447.3758_70","multidrug","adeJ","antibiotic efflux"
"k141_27431_length_140979_cov_1447.3758_71","multidrug","multidrug_transporter","antibiotic efflux"
"k141_42694_length_126857_cov_50.9444_100","multidrug","acrB","antibiotic efflux"
"k141_11754_length_102953_cov_62.3097_9","bacitracin","bacA","antibiotic target alteration"
"k141_2331_length_89478_cov_46.6257_40","multidrug","major_facilitator_superfamily_transporter","antibiotic efflux"
"k141_27028_length_87703_cov_88.7397_18","beta-lactam","class C beta-lactamase","antibiotic inactivation"
"k141_39407_length_84384_cov_108.1820_76","multidrug","emrD","antibiotic efflux"
"k141_41826_length_80429_cov_1596.5293_65","multidrug","major_facilitator_superfamily_transporter","antibiotic efflux"
"k141_26297_length_68362_cov_88.0920_50","multidrug","mdtB","antibiotic efflux"
"k141_14601_length_65958_cov_75.0071_42","multidrug","emrA","antibiotic efflux"
"k141_14601_length_65958_cov_75.0071_43","multidrug","EmrB-QacA family major facilitator transporter","antibiotic efflux"
"k141_6768_length_58212_cov_32.7402_9","multidrug","acrB","antibiotic efflux"
"k141_3544_length_22973_cov_40.7293_20","bacitracin","bacA","antibiotic target alteration"
"k141_22497_length_20461_cov_97.0000_7","multidrug","multidrug_transporter","antibiotic efflux"
"k141_19159_length_20097_cov_25.4649_13","multidrug","major_facilitator_superfamily_transporter","antibiotic efflux"
"k141_12483_length_13023_cov_39.3249_4","multidrug","emrB","antibiotic efflux"
"k141_1905_length_10472_cov_91.0789_1","unclassified","DNA-binding_protein_H-NS","antibiotic efflux"
"k141_5116_length_9191_cov_587.8655_8","unclassified","cAMP-regulatory protein","antibiotic target alteration"
"k141_4600_length_8091_cov_31.3586_8","unclassified","cAMP-regulatory protein","antibiotic target alteration"
"k141_1840_length_5927_cov_315.8343_3","unclassified","DNA-binding_protein_H-NS","antibiotic efflux"
"k141_42330_length_730756_cov_261.2513_59","multidrug","mdtG","antibiotic efflux"
"k141_42330_length_730756_cov_261.2513_131","multidrug","mexI","antibiotic efflux"
"k141_72432_length_475726_cov_200.5759_88","multidrug","mdtH","antibiotic efflux"
"k141_87220_length_472963_cov_69.4875_204","multidrug","TolC","antibiotic efflux"
"k141_65803_length_390000_cov_335.1196_148","fosmidomycin","rosA","antibiotic inactivation"
"k141_65803_length_390000_cov_335.1196_149","fosmidomycin","rosB","antibiotic efflux"
"k141_65803_length_390000_cov_335.1196_167","multidrug","acrA","antibiotic efflux"
"k141_65803_length_390000_cov_335.1196_168","multidrug","acrB","antibiotic efflux"
"k141_78500_length_346557_cov_41.5323_53","multidrug","mdtK","antibiotic efflux"
"k141_52334_length_342501_cov_183.5822_65","beta-lactam","class C beta-lactamase","antibiotic inactivation"
"k141_65958_length_307271_cov_311.1338_69","multidrug","mdtB","antibiotic efflux"
"k141_65958_length_307271_cov_311.1338_70","multidrug","mdtC","antibiotic efflux"
"k141_65958_length_307271_cov_311.1338_294","multidrug","emrB","antibiotic efflux"
"k141_86675_length_306658_cov_168.2169_153","tetracycline","tet41","antibiotic efflux"
"k141_51132_length_242130_cov_27.3198_82","beta-lactam","OXY-2","antibiotic inactivation"
"k141_51132_length_242130_cov_27.3198_156","fosmidomycin","rosA","antibiotic inactivation"
"k141_51132_length_242130_cov_27.3198_157","fosmidomycin","rosB","antibiotic efflux"
"k141_51132_length_242130_cov_27.3198_172","multidrug","acrA","antibiotic efflux"
"k141_51132_length_242130_cov_27.3198_173","multidrug","multidrug_transporter","antibiotic efflux"
"k141_69308_length_240332_cov_58.0031_27","multidrug","acrB","antibiotic efflux"
"k141_34293_length_236574_cov_393.6606_187","unclassified","cAMP-regulatory protein","antibiotic target alteration"
"k141_6310_length_214286_cov_380.4996_63","bacitracin","bacA","antibiotic target alteration"
"k141_6310_length_214286_cov_380.4996_70","aminoglycoside","aac(6')-I","antibiotic inactivation"
"k141_17601_length_160558_cov_21.7596_94","multidrug","mdtA","antibiotic efflux"
"k141_17601_length_160558_cov_21.7596_95","multidrug","mdtB","antibiotic efflux"
"k141_17601_length_160558_cov_21.7596_96","multidrug","mdtC","antibiotic efflux"
"k141_17601_length_160558_cov_21.7596_97","multidrug","mdtD","antibiotic efflux"
"k141_41758_length_156654_cov_19.3667_124","multidrug","mdtG","antibiotic efflux"
"k141_41758_length_156654_cov_19.3667_134","multidrug","mdtH","antibiotic efflux"
"k141_84017_length_131658_cov_29.2956_18","unclassified","cAMP-regulatory protein","antibiotic target alteration"
"k141_44599_length_126829_cov_690.4242_83","multidrug","multidrug_transporter","antibiotic efflux"
"k141_62858_length_124750_cov_23.5345_12","bacitracin","bacA","antibiotic target alteration"
"k141_62858_length_124750_cov_23.5345_25","multidrug","TolC","antibiotic efflux"
"k141_88379_length_121276_cov_411.9368_72","unclassified","transcriptional regulatory protein CpxR cpxR","antibiotic efflux"
"k141_13182_length_115634_cov_30.9936_27","multidrug","emrD","antibiotic efflux"
"k141_13182_length_115634_cov_30.9936_63","multidrug","multidrug_transporter","antibiotic efflux"
"k141_60928_length_110764_cov_27.9641_47","multidrug","mdtM","antibiotic efflux"
"k141_77723_length_110070_cov_27.0363_41","unclassified","transcriptional regulatory protein CpxR cpxR","antibiotic efflux"
"k141_13868_length_106674_cov_20.0000_10","multidrug","bicyclomycin-multidrug_efflux_protein_bcr","antibiotic efflux"
"k141_86054_length_97435_cov_173.0387_9","unclassified","DNA-binding_protein_H-NS","antibiotic efflux"
"k141_55231_length_92651_cov_20.9665_46","multidrug","mdfA","antibiotic efflux"
"k141_55231_length_92651_cov_20.9665_83","macrolide-lincosamide-streptogramin","macA","antibiotic efflux"
"k141_55231_length_92651_cov_20.9665_84","macrolide-lincosamide-streptogramin","macB","antibiotic efflux"
"k141_76777_length_79836_cov_435.1094_23","multidrug","mexF","antibiotic efflux"
"k141_17433_length_74450_cov_474.9389_19","multidrug","mexT","antibiotic efflux"
"k141_17433_length_74450_cov_474.9389_44","bacitracin","bacA","antibiotic target alteration"
"k141_717_length_71314_cov_55.0606_46","multidrug","major_facilitator_superfamily_transporter","antibiotic efflux"
"k141_15231_length_49684_cov_28.0364_8","multidrug","emrB","antibiotic efflux"
"k141_15231_length_49684_cov_28.0364_9","multidrug","emrA","antibiotic efflux"
"k141_45198_length_46518_cov_14.0000_16","unclassified","sdiA","antibiotic efflux"
"k141_78091_length_43408_cov_16.0000_41","multidrug","mdtK","antibiotic efflux"
"k141_39282_length_42067_cov_22.9984_38","multidrug","acrF","antibiotic efflux"
"k141_45525_length_31124_cov_32.5458_20","multidrug","mexF","antibiotic efflux"
"k141_64303_length_25604_cov_19.0000_16","unclassified","cob(I)alamin adenolsyltransferase","unknown"
"k141_29006_length_19281_cov_70.3158_5","multidrug","mexW","antibiotic efflux"
"k141_55058_length_11683_cov_76.6268_7","multidrug","multidrug_transporter","antibiotic efflux"
"k141_40619_length_10432_cov_28.4729_4","multidrug","mexT","antibiotic efflux"
"k141_18855_length_9848_cov_175.0078_2","multidrug","acrB","antibiotic efflux"
"k141_74934_length_7704_cov_14.0021_3","unclassified","DNA-binding_protein_H-NS","antibiotic efflux"
"k141_52995_length_4706_cov_7.9816_2","multidrug","major_facilitator_superfamily_transporter","antibiotic efflux"
"k141_69785_length_2548_cov_3.0000_1","multidrug","abeS","antibiotic efflux"
"k141_45298_length_2546_cov_7.0000_1","bacitracin","bacA","antibiotic target alteration"
"k141_15720_length_2494_cov_5.0000_3","macrolide-lincosamide-streptogramin","macA","antibiotic efflux"
"k141_18340_length_2285_cov_6.9202_2","bacitracin","bacA","antibiotic target alteration"
"k141_74351_length_2106_cov_8.0000_1","unclassified","transcriptional regulatory protein CpxR cpxR","antibiotic efflux"
"k141_47243_length_1941_cov_5.0000_2","multidrug","mdtH","antibiotic efflux"
"k141_32134_length_1834_cov_9.0000_1","multidrug","EmrB-QacA family major facilitator transporter","antibiotic efflux"
"k141_40675_length_1760_cov_7.0000_2","fosfomycin","fosA","antibiotic inactivation"
"k141_37345_length_1508_cov_4.0000_2","bacitracin","bacA","antibiotic target alteration"
"k141_64065_length_1232_cov_14.0000_1","unclassified","DNA-binding_protein_H-NS","antibiotic efflux"
"k141_19061_length_1127_cov_4.0000_2","unclassified","truncated putative response regulator ArlR","antibiotic efflux"
"k141_23142_length_100851_cov_502.7358_69","multidrug","adeB","antibiotic efflux"
"k141_23142_length_100851_cov_502.7358_70","multidrug","multidrug_transporter","antibiotic efflux"
"k141_93772_length_81653_cov_1065.2098_10","multidrug","mexB","antibiotic efflux"
"k141_133881_length_58203_cov_592.4397_1","quinolone","abaQ","antibiotic efflux"
"k141_132240_length_49599_cov_1405.2532_42","multidrug","mdtK","antibiotic efflux"
"k141_14358_length_44713_cov_696.5518_37","multidrug","mdtL","antibiotic efflux"
"k141_18784_length_44063_cov_622.1572_11","multidrug","mdtL","antibiotic efflux"
"k141_43902_length_38214_cov_742.6225_6","tetracycline","tetR","antibiotic efflux"
"k141_8053_length_33007_cov_775.5681_26","multidrug","adeK","antibiotic efflux"
"k141_8053_length_33007_cov_775.5681_27","multidrug","adeJ","antibiotic efflux"
"k141_63115_length_31656_cov_610.2126_6","tetracycline","tetR","antibiotic efflux"
"k141_63115_length_31656_cov_610.2126_29","beta-lactam","OXA-352","antibiotic inactivation"
"k141_29056_length_31558_cov_1157.3268_28","multidrug","adeK","antibiotic efflux"
"k141_112896_length_23681_cov_683.3195_9","multidrug","mexB","antibiotic efflux"
"k141_37597_length_21576_cov_1025.4737_14","multidrug","major_facilitator_superfamily_transporter","antibiotic efflux"
"k141_35055_length_20884_cov_1655.3964_7","multidrug","major_facilitator_superfamily_transporter","antibiotic efflux"
"k141_59327_length_19476_cov_344.5320_6","tetracycline","tetR","antibiotic efflux"
"k141_42201_length_17338_cov_919.2849_10","multidrug","oprM","antibiotic efflux"
"k141_42201_length_17338_cov_919.2849_12","macrolide-lincosamide-streptogramin","macA","antibiotic efflux"
"k141_45299_length_16833_cov_1334.3353_10","multidrug","oprM","antibiotic efflux"
"k141_45299_length_16833_cov_1334.3353_12","macrolide-lincosamide-streptogramin","macA","antibiotic efflux"
"k141_39534_length_15203_cov_1465.3835_11","multidrug","mdfA","antibiotic efflux"
"k141_19873_length_13861_cov_303.6480_2","multidrug","adeC","antibiotic efflux"
"k141_19873_length_13861_cov_303.6480_3","multidrug","adeB","antibiotic efflux"
"k141_19873_length_13861_cov_303.6480_4","multidrug","adeA","antibiotic efflux"
"k141_24556_length_12367_cov_921.9130_7","multidrug","mdfA","antibiotic efflux"
"k141_4136_length_9992_cov_764.4748_12","multidrug","mdtK","antibiotic efflux"
"k141_92426_length_9169_cov_997.8290_7","multidrug","TolC","antibiotic efflux"
"k141_95366_length_9156_cov_1500.6033_7","multidrug","TolC","antibiotic efflux"
"k141_116919_length_8861_cov_831.8914_5","multidrug","abeS","antibiotic efflux"
"k141_122923_length_8616_cov_843.8682_2","multidrug","mexE","antibiotic efflux"
"k141_122923_length_8616_cov_843.8682_3","multidrug","multidrug_ABC_transporter","antibiotic efflux"
"k141_127228_length_8573_cov_604.4996_2","multidrug","mexE","antibiotic efflux"
"k141_127228_length_8573_cov_604.4996_3","multidrug","multidrug_ABC_transporter","antibiotic efflux"
"k141_11421_length_5151_cov_937.5259_1","multidrug","emrB","antibiotic efflux"
"k141_43061_length_5077_cov_847.9765_1","multidrug","emrB","antibiotic efflux"
"k141_43061_length_5077_cov_847.9765_2","multidrug","multidrug_transporter","antibiotic efflux"
"k141_58942_length_3496_cov_504.9276_3","quinolone","abaQ","antibiotic efflux"
"k141_110262_length_407581_cov_37.5277_1","multidrug","mdtK","antibiotic efflux"
"k141_117752_length_170058_cov_460.9377_149","bacitracin","bacA","antibiotic target alteration"
"k141_48442_length_118076_cov_48.0912_76","multidrug","major_facilitator_superfamily_transporter","antibiotic efflux"
"k141_11516_length_75381_cov_55.1696_62","multidrug","emrA","antibiotic efflux"
"k141_105517_length_75324_cov_47.6630_4","macrolide-lincosamide-streptogramin","macB","antibiotic efflux"
"k141_105517_length_75324_cov_47.6630_5","macrolide-lincosamide-streptogramin","macA","antibiotic efflux"
"k141_105517_length_75324_cov_47.6630_70","multidrug","mdfA","antibiotic efflux"
"k141_61729_length_72579_cov_66.5477_36","fosfomycin","fosA","antibiotic inactivation"
"k141_6971_length_68089_cov_74.1203_55","multidrug","acrB","antibiotic efflux"
"k141_163118_length_52269_cov_43.9570_23","multidrug","mdtG","antibiotic efflux"
"k141_163118_length_52269_cov_43.9570_33","multidrug","mdtH","antibiotic efflux"
"k141_85429_length_49404_cov_20.0000_40","multidrug","mexT","antibiotic efflux"
"k141_93862_length_43203_cov_44.2381_14","multidrug","mdtE","antibiotic efflux"
"k141_93862_length_43203_cov_44.2381_15","multidrug","mdtC","antibiotic efflux"
"k141_93862_length_43203_cov_44.2381_16","multidrug","mdtB","antibiotic efflux"
"k141_93862_length_43203_cov_44.2381_17","multidrug","mdtA","antibiotic efflux"
"k141_15821_length_41537_cov_65.7228_30","multidrug","TolC","antibiotic efflux"
"k141_151187_length_33628_cov_32.8542_35","bacitracin","bacA","antibiotic target alteration"
"k141_98157_length_32346_cov_48.2747_19","multidrug","bicyclomycin-multidrug_efflux_protein_bcr","antibiotic efflux"
"k141_151317_length_26617_cov_38.8350_12","unclassified","DNA-binding_protein_H-NS","antibiotic efflux"
"k141_85169_length_26552_cov_74.6783_16","multidrug","emrD","antibiotic efflux"
"k141_120608_length_24539_cov_37.0045_4","unclassified","cob(I)alamin adenolsyltransferase","unknown"
"k141_74025_length_23961_cov_70.7753_17","beta-lactam","class C beta-lactamase","antibiotic inactivation"
"k141_60382_length_23307_cov_44.3951_21","unclassified","sdiA","antibiotic efflux"
"k141_109749_length_22798_cov_20.7595_12","multidrug","emrE","antibiotic efflux"
"k141_64838_length_22078_cov_68.9705_19","unclassified","cAMP-regulatory protein","antibiotic target alteration"
"k141_59002_length_20976_cov_29.1953_2","multidrug","major_facilitator_superfamily_transporter","antibiotic efflux"
"k141_152226_length_19212_cov_81.8278_6","multidrug","multidrug_transporter","antibiotic efflux"
"k141_112013_length_18235_cov_68.1643_7","bacitracin","bacA","antibiotic target alteration"
"k141_108000_length_17852_cov_14.6567_18","chloramphenicol","chloramphenicol exporter","antibiotic inactivation"
"k141_45082_length_13263_cov_13.1612_9","beta-lactam","OXA-278","antibiotic inactivation"
"k141_4360_length_11223_cov_59.7891_2","multidrug","multidrug_transporter","antibiotic efflux"
"k141_4360_length_11223_cov_59.7891_3","multidrug","acrA","antibiotic efflux"
"k141_118902_length_10211_cov_37.9756_4","bacitracin","bacA","antibiotic target alteration"
"k141_169655_length_8981_cov_32.8452_4","unclassified","sdiA","antibiotic efflux"
"k141_130027_length_8953_cov_27.9018_4","multidrug","acrB","antibiotic efflux"
"k141_63588_length_7995_cov_25.8471_7","multidrug","mdfA","antibiotic efflux"
"k141_61898_length_7968_cov_65.0078_8","multidrug","EmrB-QacA family major facilitator transporter","antibiotic efflux"
"k141_158162_length_7595_cov_56.1688_2","multidrug","EmrB-QacA family major facilitator transporter","antibiotic efflux"
"k141_76435_length_6894_cov_7.0000_4","bacitracin","bacA","antibiotic target alteration"
"k141_152006_length_6634_cov_56.9421_5","beta-lactam","ACT-2","antibiotic inactivation"
"k141_61723_length_6019_cov_5.7822_3","multidrug","multidrug_transporter","antibiotic efflux"
"k141_70374_length_5456_cov_7.0000_3","multidrug","mexT","antibiotic efflux"
"k141_87106_length_5225_cov_36.0000_1","multidrug","mdtA","antibiotic efflux"
"k141_87106_length_5225_cov_36.0000_2","multidrug","mdtB","antibiotic efflux"
"k141_130055_length_4733_cov_29.8798_3","fosmidomycin","rosB","antibiotic efflux"
"k141_41898_length_4342_cov_19.6163_5","unclassified","cob(I)alamin adenolsyltransferase","unknown"
"k141_104703_length_4216_cov_6.0000_5","vancomycin","vanR","antibiotic target alteration"
"k141_146758_length_4161_cov_20.3756_2","multidrug","mdtG","antibiotic efflux"
"k141_63938_length_4035_cov_22.8757_5","multidrug","mdtH","antibiotic efflux"
"k141_178954_length_3718_cov_84.3011_1","unclassified","transcriptional regulatory protein CpxR cpxR","antibiotic efflux"
"k141_34463_length_3497_cov_9.0000_2","multidrug","mexT","antibiotic efflux"
"k141_117592_length_3253_cov_24.6777_2","beta-lactam","class C beta-lactamase","antibiotic inactivation"
"k141_74299_length_3173_cov_15.0000_2","multidrug","mdtA","antibiotic efflux"
"k141_186998_length_2864_cov_20.3643_2","macrolide-lincosamide-streptogramin","macB","antibiotic efflux"
"k141_108122_length_2469_cov_13.2577_4","sulfonamide","sul2","antibiotic target replacement"
"k141_44410_length_2293_cov_23.3039_2","multidrug","mdtE","antibiotic efflux"
"k141_125386_length_2219_cov_143.5934_2","bacitracin","bacA","antibiotic target alteration"
"k141_16719_length_2219_cov_29.9447_1","multidrug","bicyclomycin-multidrug_efflux_protein_bcr","antibiotic efflux"
"k141_62340_length_1896_cov_52.3561_1","unclassified","transcriptional regulatory protein CpxR cpxR","antibiotic efflux"
"k141_190256_length_1866_cov_9.0000_2","bacitracin","bacA","antibiotic target alteration"
"k141_21051_length_1712_cov_14.0025_2","multidrug","mdtG","antibiotic efflux"
"k141_23897_length_1403_cov_11.9485_2","unclassified","cob(I)alamin adenolsyltransferase","unknown"
"k141_19389_length_1306_cov_37.9682_1","multidrug","acrA","antibiotic efflux"
"k141_114954_length_1292_cov_52.6968_1","multidrug","emrA","antibiotic efflux"
"k141_135070_length_442028_cov_93.6822_242","beta-lactam","CGB-1","antibiotic inactivation"
"k141_35681_length_267976_cov_37.4089_176","multidrug","multidrug_transporter","antibiotic efflux"
"k141_92719_length_244631_cov_27.9996_102","multidrug","mexT","antibiotic efflux"
"k141_90993_length_135025_cov_50.0176_24","bacitracin","bacA","antibiotic target alteration"
"k141_166388_length_98545_cov_28.0123_34","bacitracin","bacA","antibiotic target alteration"
"k141_19040_length_25203_cov_9.0000_15","multidrug","emrB","antibiotic efflux"
"k141_57407_length_25193_cov_29.2439_7","multidrug","mexF","antibiotic efflux"
"k141_94610_length_13489_cov_9.0000_9","bacitracin","bacA","antibiotic target alteration"
"k141_19191_length_7832_cov_8.0000_3","multidrug","acrB","antibiotic efflux"
"k141_100143_length_5283_cov_6.9697_5","rifamycin","ADP-ribosylating transferase_arr","antibiotic inactivation"
"k141_109076_length_2689_cov_8.0000_2","fosmidomycin","rosB","antibiotic efflux"
"k141_15469_length_2085_cov_4.0000_3","bacitracin","bacA","antibiotic target alteration"
"k141_279183_length_67087_cov_34.8052_14","bacitracin","bacA","antibiotic target alteration"
"k141_504397_length_4716_cov_6.0000_2","beta-lactam","metallo-beta-lactamase","antibiotic target replacement"
"k141_75862_length_771487_cov_23.2557_199","multidrug","acrB","antibiotic efflux"
"k141_75862_length_771487_cov_23.2557_216","fosmidomycin","rosB","antibiotic efflux"
"k141_75862_length_771487_cov_23.2557_462","multidrug","major_facilitator_superfamily_transporter","antibiotic efflux"
"k141_107243_length_256117_cov_17.6945_235","multidrug","mdtB","antibiotic efflux"
"k141_51028_length_136236_cov_14.9992_61","multidrug","TolC","antibiotic efflux"
"k141_97755_length_117770_cov_19.9214_93","bacitracin","bacA","antibiotic target alteration"
"k141_142661_length_114613_cov_23.0079_74","multidrug","emrD","antibiotic efflux"
"k141_165397_length_104560_cov_17.2152_56","unclassified","transcriptional regulatory protein CpxR cpxR","antibiotic efflux"
"k141_68481_length_89582_cov_18.0042_9","multidrug","emrB","antibiotic efflux"
"k141_93109_length_76191_cov_14.0000_75","multidrug","multidrug_transporter","antibiotic efflux"
"k141_93109_length_76191_cov_14.0000_76","multidrug","acrA","antibiotic efflux"
"k141_963_length_58860_cov_11.0000_34","multidrug","bicyclomycin-multidrug_efflux_protein_bcr","antibiotic efflux"
"k141_90381_length_39751_cov_9.0000_30","multidrug","mdfA","antibiotic efflux"
"k141_184812_length_30987_cov_12.9844_25","multidrug","emrA","antibiotic efflux"
"k141_184812_length_30987_cov_12.9844_26","multidrug","emrB","antibiotic efflux"
"k141_212054_length_26873_cov_12.0012_22","multidrug","emrE","antibiotic efflux"
"k141_211934_length_26216_cov_39.9804_23","unclassified","cAMP-regulatory protein","antibiotic target alteration"
"k141_30755_length_20436_cov_7.0000_11","multidrug","mdtG","antibiotic efflux"
"k141_163731_length_15899_cov_14.0000_8","bacitracin","bacA","antibiotic target alteration"
"k141_110817_length_14014_cov_8.0000_6","unclassified","DNA-binding_protein_H-NS","antibiotic efflux"
"k141_21145_length_10652_cov_9.0000_3","macrolide-lincosamide-streptogramin","macA","antibiotic efflux"
"k141_21145_length_10652_cov_9.0000_4","macrolide-lincosamide-streptogramin","macB","antibiotic efflux"
"k141_207072_length_8681_cov_8.0000_5","multidrug","mdtA","antibiotic efflux"
"k141_210784_length_7071_cov_8.0000_6","bacitracin","bacA","antibiotic target alteration"
"k141_687_length_5380_cov_6.0000_2","multidrug","multidrug_transporter","antibiotic efflux"
"k141_149568_length_2185_cov_6.0000_2","unclassified","cob(I)alamin adenolsyltransferase","unknown"
"k141_91596_length_1072573_cov_803.9975_117","aminoglycoside","aph(3')-IIb","antibiotic inactivation"
"k141_74389_length_685410_cov_1017.3586_156","multidrug","mexE","antibiotic efflux"
"k141_74389_length_685410_cov_1017.3586_157","multidrug","smeB","antibiotic efflux"
"k141_74389_length_685410_cov_1017.3586_158","multidrug","smeC","antibiotic efflux"
"k141_74389_length_685410_cov_1017.3586_533","multidrug","smeD","antibiotic efflux"
"k141_74389_length_685410_cov_1017.3586_534","multidrug","smeE","antibiotic efflux"
"k141_74389_length_685410_cov_1017.3586_535","multidrug","smeF","antibiotic efflux"
"k141_208397_length_57716_cov_39.1948_34","beta-lactam","OXA-352","antibiotic inactivation"
"k141_163710_length_12231_cov_44.8084_4","macrolide-lincosamide-streptogramin","macA","antibiotic efflux"
"k141_115045_length_7624_cov_39.1518_6","multidrug","multidrug_transporter","antibiotic efflux"
"k141_115045_length_7624_cov_39.1518_7","multidrug","emrB","antibiotic efflux"
"k141_242138_length_6480_cov_16.0328_4","bacitracin","bacA","antibiotic target alteration"
"k141_235318_length_6219_cov_172.0283_6","aminoglycoside","aadB","antibiotic inactivation"
"k141_188163_length_4880_cov_43.0534_4","multidrug","mdtK","antibiotic efflux"
"k141_4175_length_3273_cov_20.0000_2","multidrug","mexT","antibiotic efflux"
"k141_195141_length_1477_cov_3.0000_1","beta-lactam","OXA-355","antibiotic inactivation"
"k141_153087_length_654202_cov_48.0004_486","multidrug","mdtK","antibiotic efflux"
"k141_33571_length_499516_cov_103.0261_20","beta-lactam","class C beta-lactamase","antibiotic inactivation"
"k141_53634_length_480596_cov_75.0199_25","multidrug","mdtC","antibiotic efflux"
"k141_53634_length_480596_cov_75.0199_26","multidrug","mdtE","antibiotic efflux"
"k141_112601_length_464617_cov_65.0010_299","macrolide-lincosamide-streptogramin","macB","antibiotic efflux"
"k141_112601_length_464617_cov_65.0010_300","macrolide-lincosamide-streptogramin","macA","antibiotic efflux"
"k141_112601_length_464617_cov_65.0010_372","multidrug","major_facilitator_superfamily_transporter","antibiotic efflux"
"k141_110496_length_446729_cov_81.1370_225","fosmidomycin","rosB","antibiotic efflux"
"k141_110496_length_446729_cov_81.1370_240","multidrug","multidrug_transporter","antibiotic efflux"
"k141_95104_length_331966_cov_205.4636_235","beta-lactam","metallo-beta-lactamase","antibiotic target replacement"
"k141_155454_length_264877_cov_89.9790_159","multidrug","EmrB-QacA family major facilitator transporter","antibiotic efflux"
"k141_100806_length_255159_cov_129.1301_70","multidrug","emrD","antibiotic efflux"
"k141_22552_length_254605_cov_60.2293_64","unclassified","sdiA","antibiotic efflux"
"k141_117249_length_240148_cov_27.0116_76","chloramphenicol","cat_chloramphenicol acetyltransferase","antibiotic inactivation"
"k141_25150_length_212058_cov_103.5943_129","multidrug","TolC","antibiotic efflux"
"k141_25150_length_212058_cov_103.5943_141","bacitracin","bacA","antibiotic target alteration"
"k141_161796_length_200204_cov_271.2495_39","aminoglycoside","aac(6')-I","antibiotic inactivation"
"k141_20347_length_149157_cov_212.2245_133","aminoglycoside","aph(3')-IIb","antibiotic inactivation"
"k141_23635_length_146046_cov_112.9999_132","multidrug","multidrug_transporter","antibiotic efflux"
"k141_21499_length_60910_cov_333.4671_47","multidrug","smeF","antibiotic efflux"
"k141_122933_length_25387_cov_16.8608_24","bacitracin","bacA","antibiotic target alteration"
"k141_56026_length_13027_cov_311.9276_3","multidrug","mexE","antibiotic efflux"
"k141_56026_length_13027_cov_311.9276_4","multidrug","smeB","antibiotic efflux"
"k141_56026_length_13027_cov_311.9276_5","multidrug","smeC","antibiotic efflux"
"k141_57392_length_9224_cov_7.0000_5","bacitracin","bacA","antibiotic target alteration"
"k141_61184_length_5785_cov_7.0000_4","tetracycline","tetA","antibiotic efflux"
"k141_176562_length_3662_cov_6.0000_4","bacitracin","bacA","antibiotic target alteration"
"k141_186625_length_775918_cov_65.0072_503","beta-lactam","metallo-beta-lactamase","antibiotic target replacement"
"k141_58219_length_264257_cov_187.3481_46","multidrug","major_facilitator_superfamily_transporter","antibiotic efflux"
"k141_186607_length_40357_cov_138.7963_10","multidrug","mdtK","antibiotic efflux"
"k141_240603_length_25862_cov_22.0520_4","bacitracin","bacA","antibiotic target alteration"
"k141_199848_length_9593_cov_8.0000_9","bacitracin","bacA","antibiotic target alteration"
"k141_120529_length_3312_cov_140.9997_5","bacitracin","bacA","antibiotic target alteration"
"k141_17165_length_808705_cov_36.8843_166","multidrug","acrB","antibiotic efflux"
"k141_17165_length_808705_cov_36.8843_167","multidrug","acrA","antibiotic efflux"
"k141_17165_length_808705_cov_36.8843_181","fosmidomycin","rosB","antibiotic efflux"
"k141_17165_length_808705_cov_36.8843_493","multidrug","major_facilitator_superfamily_transporter","antibiotic efflux"
"k141_17165_length_808705_cov_36.8843_526","multidrug","mdfA","antibiotic efflux"
"k141_17165_length_808705_cov_36.8843_581","macrolide-lincosamide-streptogramin","macA","antibiotic efflux"
"k141_17165_length_808705_cov_36.8843_582","macrolide-lincosamide-streptogramin","macB","antibiotic efflux"
"k141_42582_length_736791_cov_32.6245_339","unclassified","cob(I)alamin adenolsyltransferase","unknown"
"k141_42582_length_736791_cov_32.6245_615","unclassified","sdiA","antibiotic efflux"
"k141_21510_length_551177_cov_39.9012_318","multidrug","bicyclomycin-multidrug_efflux_protein_bcr","antibiotic efflux"
"k141_21510_length_551177_cov_39.9012_397","multidrug","mdtE","antibiotic efflux"
"k141_21510_length_551177_cov_39.9012_398","multidrug","mdtC","antibiotic efflux"
"k141_21510_length_551177_cov_39.9012_399","multidrug","mdtB","antibiotic efflux"
"k141_21510_length_551177_cov_39.9012_400","multidrug","mdtA","antibiotic efflux"
"k141_43398_length_377456_cov_35.3500_200","multidrug","mexF","antibiotic efflux"
"k141_29771_length_314637_cov_38.9871_190","multidrug","TolC","antibiotic efflux"
"k141_6158_length_308888_cov_62.3343_21","beta-lactam","ampC","antibiotic inactivation"
"k141_30600_length_296489_cov_111.2921_195","multidrug","mdtB","antibiotic efflux"
"k141_8768_length_294105_cov_40.6655_19","multidrug","mdtG","antibiotic efflux"
"k141_8768_length_294105_cov_40.6655_248","multidrug","mdtK","antibiotic efflux"
"k141_6910_length_240296_cov_43.1483_34","bacitracin","bacA","antibiotic target alteration"
"k141_25135_length_238652_cov_42.6436_75","multidrug","emrD","antibiotic efflux"
"k141_24229_length_211189_cov_130.1616_61","multidrug","acrB","antibiotic efflux"
"k141_24229_length_211189_cov_130.1616_75","fosmidomycin","rosB","antibiotic efflux"
"k141_37990_length_188040_cov_121.0064_8","multidrug","emrB","antibiotic efflux"
"k141_11487_length_158826_cov_42.2465_143","multidrug","multidrug_transporter","antibiotic efflux"
"k141_41453_length_129018_cov_138.1792_78","bacitracin","bacA","antibiotic target alteration"
"k141_3379_length_118998_cov_35.9836_7","multidrug","EmrB-QacA family major facilitator transporter","antibiotic efflux"
"k141_3379_length_118998_cov_35.9836_8","multidrug","emrA","antibiotic efflux"
"k141_14753_length_101510_cov_35.5580_52","multidrug","mexW","antibiotic efflux"
"k141_19742_length_98240_cov_164.9799_58","unclassified","transcriptional regulatory protein CpxR cpxR","antibiotic efflux"
"k141_1629_length_97645_cov_42.0000_5","bacitracin","bacA","antibiotic target alteration"
"k141_40332_length_74802_cov_157.3141_28","unclassified","cAMP-regulatory protein","antibiotic target alteration"
"k141_6218_length_63818_cov_47.0036_49","multidrug","multidrug_transporter","antibiotic efflux"
"k141_4103_length_31909_cov_111.9914_26","multidrug","major_facilitator_superfamily_transporter","antibiotic efflux"
"k141_1688_length_28673_cov_20.0000_5","unclassified","transcriptional regulatory protein CpxR cpxR","antibiotic efflux"
"k141_23372_length_27924_cov_22.9437_18","multidrug","mexT","antibiotic efflux"
"k141_14288_length_4953_cov_8.0000_2","unclassified","cAMP-regulatory protein","antibiotic target alteration"
"k141_34744_length_1961_cov_6.0000_2","multidrug","emrB","antibiotic efflux"
"k141_149322_length_70553_cov_120.8992_16","multidrug","mexF","antibiotic efflux"
"k141_147721_length_6898_cov_6.0000_5","fosmidomycin","rosA","antibiotic inactivation"
"k141_147721_length_6898_cov_6.0000_6","fosmidomycin","rosB","antibiotic efflux"
"k141_17113_length_6753_cov_7.0000_3","bacitracin","bacA","antibiotic target alteration"
"k141_105631_length_893056_cov_254.2111_375","multidrug","mdtB","antibiotic efflux"
"k141_105631_length_893056_cov_254.2111_376","multidrug","mdtC","antibiotic efflux"
"k141_105631_length_893056_cov_254.2111_826","multidrug","emrB","antibiotic efflux"
"k141_49224_length_286168_cov_262.5678_162","bacitracin","bacA","antibiotic target alteration"
"k141_164331_length_235437_cov_252.1051_6","fosmidomycin","rosB","antibiotic efflux"
"k141_40121_length_116739_cov_279.4220_38","unclassified","transcriptional regulatory protein CpxR cpxR","antibiotic efflux"
"k141_105271_length_43341_cov_252.2861_32","multidrug","acrB","antibiotic efflux"
"k141_29017_length_466503_cov_645.0318_162","multidrug","multidrug_transporter","antibiotic efflux"
"k141_18021_length_147836_cov_451.1185_55","multidrug","mexF","antibiotic efflux"
"k141_8133_length_85043_cov_493.2922_9","multidrug","mexD","antibiotic efflux"
"k141_8133_length_85043_cov_493.2922_10","multidrug","oprJ","antibiotic efflux"
"k141_19865_length_41789_cov_99.0504_18","multidrug","mdtK","antibiotic efflux"
"k141_3687_length_37009_cov_138.5299_5","unclassified","sdiA","antibiotic efflux"
"k141_12729_length_34486_cov_117.3798_6","multidrug","mdfA","antibiotic efflux"
"k141_30928_length_34310_cov_11.0000_6","multidrug","adeJ","antibiotic efflux"
"k141_30928_length_34310_cov_11.0000_7","multidrug","adeK","antibiotic efflux"
"k141_25359_length_30275_cov_16.1893_24","multidrug","adeB","antibiotic efflux"
"k141_25359_length_30275_cov_16.1893_25","multidrug","adeA","antibiotic efflux"
"k141_10943_length_27414_cov_142.6582_13","multidrug","multidrug_transporter","antibiotic efflux"
"k141_28907_length_20880_cov_92.8437_8","unclassified","cob(I)alamin adenolsyltransferase","unknown"
"k141_4676_length_12478_cov_176.6481_4","bacitracin","bacA","antibiotic target alteration"
"k141_8387_length_11272_cov_83.1279_4","beta-lactam","OKP-B","antibiotic inactivation"
"k141_17944_length_11183_cov_110.2453_3","multidrug","mdtG","antibiotic efflux"
"k141_25968_length_10443_cov_125.5642_3","multidrug","bicyclomycin-multidrug_efflux_protein_bcr","antibiotic efflux"
"k141_21943_length_10221_cov_147.8929_6","multidrug","emrA","antibiotic efflux"
"k141_7024_length_8834_cov_168.0803_6","multidrug","TolC","antibiotic efflux"
"k141_19278_length_8201_cov_161.6068_5","polymyxin","arnA","antibiotic efflux"
"k141_31520_length_3718_cov_150.2538_3","unclassified","bacterial regulatory protein LuxR","unknown"
"k141_25364_length_3054_cov_121.6502_2","macrolide-lincosamide-streptogramin","macA","antibiotic efflux"
"k141_108693_length_40440_cov_132.2889_9","vancomycin","vanR","antibiotic target alteration"
"k141_247180_length_9864_cov_38.0036_3","bacitracin","bacA","antibiotic target alteration"
"k141_58644_length_76883_cov_17.0013_33","unclassified","transcriptional regulatory protein CpxR cpxR","antibiotic efflux"
"k141_53363_length_50864_cov_15.0000_38","multidrug","emrD","antibiotic efflux"
"k141_3180_length_46439_cov_9.0000_26","multidrug","major_facilitator_superfamily_transporter","antibiotic efflux"
"k141_18241_length_29054_cov_18.0000_18","beta-lactam","ampC","antibiotic inactivation"
"k141_43272_length_17429_cov_9.0000_6","fosmidomycin","rosB","antibiotic efflux"
"k141_8117_length_17164_cov_12.0000_3","multidrug","TolC","antibiotic efflux"
"k141_25891_length_16675_cov_11.9704_12","bacitracin","bacA","antibiotic target alteration"
"k141_20212_length_13814_cov_22.0000_6","multidrug","multidrug_transporter","antibiotic efflux"
"k141_37919_length_13213_cov_11.0000_5","multidrug","emrA","antibiotic efflux"
"k141_37919_length_13213_cov_11.0000_6","multidrug","EmrB-QacA family major facilitator transporter","antibiotic efflux"
"k141_75787_length_12445_cov_10.0000_7","multidrug","acrA","antibiotic efflux"
"k141_75787_length_12445_cov_10.0000_8","multidrug","multidrug_transporter","antibiotic efflux"
"k141_36899_length_12404_cov_9.0000_10","unclassified","sdiA","antibiotic efflux"
"k141_15659_length_7315_cov_6.0736_5","multidrug","mdtG","antibiotic efflux"
"k141_40417_length_5527_cov_7.0000_4","multidrug","mdtA","antibiotic efflux"
"k141_63311_length_4557_cov_7.0000_5","multidrug","mdtH","antibiotic efflux"
"k141_1031_length_3838_cov_8.0000_2","multidrug","mdtK","antibiotic efflux"
"k141_34348_length_2358_cov_6.0000_2","unclassified","cob(I)alamin adenolsyltransferase","unknown"
"k141_30047_length_2353_cov_8.0000_2","macrolide-lincosamide-streptogramin","macA","antibiotic efflux"
"k141_59636_length_1906_cov_5.0000_2","multidrug","mdtC","antibiotic efflux"
"k141_189059_length_591110_cov_105.0804_217","vancomycin","vanR","antibiotic target alteration"
"k141_191441_length_39632_cov_29.0071_32","bacitracin","bacA","antibiotic target alteration"
"k141_265354_length_1191_cov_5.0000_2","multidrug","emrE","antibiotic efflux"
"k141_208079_length_750200_cov_276.7368_61","multidrug","smeD","antibiotic efflux"
"k141_208079_length_750200_cov_276.7368_63","multidrug","smeF","antibiotic efflux"
"k141_196916_length_710525_cov_29.9825_404","multidrug","mdtA","antibiotic efflux"
"k141_54878_length_265397_cov_37.8215_246","fosmidomycin","rosA","antibiotic inactivation"
"k141_34887_length_261180_cov_215.9909_96","aminoglycoside","aph(3')-IIb","antibiotic inactivation"
"k141_93273_length_135085_cov_182.1790_106","multidrug","mexW","antibiotic efflux"
"k141_272398_length_74354_cov_309.0762_13","multidrug","mexE","antibiotic efflux"
"k141_272398_length_74354_cov_309.0762_15","multidrug","smeC","antibiotic efflux"
"k141_103751_length_40276_cov_30.0000_35","multidrug","multidrug_transporter","antibiotic efflux"
"k141_93100_length_34032_cov_55.8020_22","unclassified","transcriptional regulatory protein CpxR cpxR","antibiotic efflux"
"k141_115461_length_12194_cov_8.1858_21","aminoglycoside","aac(6')-I","antibiotic inactivation"
"k141_183904_length_5624_cov_6.0000_3","multidrug","mdtG","antibiotic efflux"
"k141_607590_length_13004_cov_11.0000_6","quinolone","qnrS","antibiotic target protection"
"k141_607590_length_13004_cov_11.0000_13","tetracycline","tetA","antibiotic efflux"
"k141_342647_length_7581_cov_8.0051_1","macrolide-lincosamide-streptogramin","mphA","antibiotic inactivation"
"k141_342647_length_7581_cov_8.0051_9","sulfonamide","sul1","antibiotic target replacement"
"k141_209929_length_5574_cov_8.0000_1","aminoglycoside","aadA","antibiotic inactivation"
"k141_209929_length_5574_cov_8.0000_2","trimethoprim","dfrA12","antibiotic target replacement"
"k141_419513_length_4794_cov_8.0101_4","aminoglycoside","aac(3)-II","antibiotic inactivation"
"k141_708156_length_2360_cov_20.8256_3","chloramphenicol","catA","antibiotic inactivation"
"k141_737167_length_1909_cov_7.0000_2","multidrug","smeC","antibiotic efflux"
"k141_545177_length_1851_cov_68.0632_1","multidrug","emrB","antibiotic efflux"
"k141_641413_length_1697_cov_4.0000_1","multidrug","emrD","antibiotic efflux"
"k141_285550_length_1251_cov_8.0000_1","unclassified","transcriptional regulatory protein CpxR cpxR","antibiotic efflux"
"k141_7943_length_169373_cov_18.0552_157","multidrug","adeB","antibiotic efflux"
"k141_7943_length_169373_cov_18.0552_158","multidrug","multidrug_transporter","antibiotic efflux"
"k141_13898_length_153021_cov_21.5272_57","multidrug","mdtL","antibiotic efflux"
"k141_34440_length_137462_cov_24.9676_85","multidrug","mexB","antibiotic efflux"
"k141_27669_length_123081_cov_17.3581_84","tetracycline","tetR","antibiotic efflux"
"k141_22193_length_96137_cov_22.4106_51","multidrug","mexT","antibiotic efflux"
"k141_26384_length_75677_cov_23.9957_69","multidrug","emrB","antibiotic efflux"
"k141_26384_length_75677_cov_23.9957_70","multidrug","multidrug_transporter","antibiotic efflux"
"k141_24561_length_54278_cov_23.4621_32","multidrug","abeS","antibiotic efflux"
"k141_24561_length_54278_cov_23.4621_38","multidrug","mexE","antibiotic efflux"
"k141_24561_length_54278_cov_23.4621_39","multidrug","multidrug_ABC_transporter","antibiotic efflux"
"k141_2457_length_53144_cov_29.1860_7","multidrug","TolC","antibiotic efflux"
"k141_45990_length_52531_cov_27.2964_25","multidrug","oprM","antibiotic efflux"
"k141_45990_length_52531_cov_27.2964_27","macrolide-lincosamide-streptogramin","macA","antibiotic efflux"
"k141_45990_length_52531_cov_27.2964_37","tetracycline","tetR","antibiotic efflux"
"k141_2459_length_49037_cov_28.3737_13","multidrug","mdtK","antibiotic efflux"
"k141_33131_length_46447_cov_26.7315_36","multidrug","mdfA","antibiotic efflux"
"k141_11497_length_12874_cov_29.0000_10","multidrug","major_facilitator_superfamily_transporter","antibiotic efflux"
"k141_19991_length_47550_cov_17.4630_19","quinolone","abaQ","antibiotic efflux"
"k141_222603_length_52903_cov_20.7520_2","multidrug","oprM","antibiotic efflux"
"k141_222603_length_52903_cov_20.7520_3","multidrug","smeB","antibiotic efflux"
"k141_215984_length_18287_cov_14.0000_14","beta-lactam","metallo-beta-lactamase","antibiotic target replacement"
"k141_194732_length_9967_cov_17.8149_6","multidrug","multidrug_transporter","antibiotic efflux"
