"","user_genome","classification","Domain","Phylum","Class","Order","Family","Genus","Species","abun_tpm","Aminoglycoside","Bacitracin","Beta_lactam","Chloramphenicol","Defensin","Fosfomycin","Macrolide-Lincosamide-Streptogramin","Multidrug","Other_peptide_antibiotics","Polymyxin","Quinolone","Rifamycin","Tetracycline","Integration/Excision","Phage","Replication/Recombination/Repair","Stability/Transfer/Defense","Transfer","Adherence","Antimicrobial Activity/Competitive Advantage","Biofilm","Effector Delivery System","Exoenzyme","Exotoxin","Immune Modulation","Invasion","Motility","Nutritional/Metabolic Factor","Others","Regulation","Stress Survival","ARG_count","MGE_count","VFG_count","Cluster","CR"
"1","S362C676","d__Bacteria;p__Proteobacteria;c__Gammaproteobacteria;o__Pseudomonadales;f__Pseudomonadaceae;g__Pseudomonas_E;s__Pseudomonas_E monteilii","Bacteria","Proteobacteria","Gammaproteobacteria","Pseudomonadales","Pseudomonadaceae","Pseudomonas_E","Pseudomonas_E monteilii",229.4678495,0,1,0,0,0,0,0,2,0,0,0,0,0,6,5,14,2,10,2,0,4,1,0,0,2,0,17,3,0,0,0,3,37,29,3,"Class C"
"2","S19C21692","d__Bacteria;p__Proteobacteria;c__Gammaproteobacteria;o__Pseudomonadales;f__Pseudomonadaceae;g__Pseudomonas_E;s__","Bacteria","Proteobacteria","Gammaproteobacteria","Pseudomonadales","Pseudomonadaceae","Pseudomonas_E","",79.68349589,0,1,0,0,0,1,0,4,0,0,0,0,0,25,8,14,2,9,4,0,4,2,0,0,2,0,18,4,0,0,0,6,58,34,3,"Class C"
"3","S474C3236","d__Bacteria;p__Proteobacteria;c__Gammaproteobacteria;o__Pseudomonadales;f__Pseudomonadaceae;g__Pseudomonas_E;s__Pseudomonas_E juntendi","Bacteria","Proteobacteria","Gammaproteobacteria","Pseudomonadales","Pseudomonadaceae","Pseudomonas_E","Pseudomonas_E juntendi",31.55479171,0,1,0,0,0,0,0,3,0,0,0,0,0,12,7,15,2,4,4,0,4,0,0,0,2,0,17,3,0,0,0,4,40,30,3,"Class C"
"4","S403C589","d__Bacteria;p__Proteobacteria;c__Gammaproteobacteria;o__Pseudomonadales;f__Pseudomonadaceae;g__Pseudomonas_E;s__Pseudomonas_E parafulva_B","Bacteria","Proteobacteria","Gammaproteobacteria","Pseudomonadales","Pseudomonadaceae","Pseudomonas_E","Pseudomonas_E parafulva_B",197.9291592,0,1,0,0,0,0,0,2,0,0,0,0,0,11,6,13,1,7,2,0,2,1,0,0,2,0,18,3,0,0,0,3,38,28,3,"Class C"
"5","S636C7686","d__Bacteria;p__Proteobacteria;c__Gammaproteobacteria;o__Pseudomonadales;f__Pseudomonadaceae;g__Pseudomonas_E;s__Pseudomonas_E fulva","Bacteria","Proteobacteria","Gammaproteobacteria","Pseudomonadales","Pseudomonadaceae","Pseudomonas_E","Pseudomonas_E fulva",36.82570377,0,1,0,0,0,0,0,3,0,0,0,0,0,5,20,14,4,8,2,0,2,0,0,0,2,0,18,2,0,0,0,4,51,26,3,"Class C"
"6","S354C1828","d__Bacteria;p__Proteobacteria;c__Gammaproteobacteria;o__Pseudomonadales;f__Pseudomonadaceae;g__Pseudomonas_E;s__Pseudomonas_E sp002113295","Bacteria","Proteobacteria","Gammaproteobacteria","Pseudomonadales","Pseudomonadaceae","Pseudomonas_E","Pseudomonas_E sp002113295",630.3859747,0,0,0,0,0,0,0,3,0,0,0,0,0,8,7,18,0,5,5,0,4,2,0,0,3,0,18,3,0,0,0,3,38,35,3,"Class C"
"7","S62C11618","d__Bacteria;p__Proteobacteria;c__Gammaproteobacteria;o__Pseudomonadales;f__Pseudomonadaceae;g__Pseudomonas_E;s__Pseudomonas_E sp002113165","Bacteria","Proteobacteria","Gammaproteobacteria","Pseudomonadales","Pseudomonadaceae","Pseudomonas_E","Pseudomonas_E sp002113165",212.0900791,0,1,0,0,0,0,0,3,0,0,0,0,0,6,8,15,5,5,4,0,4,0,0,0,1,0,18,3,0,0,0,4,39,30,3,"Class C"
"8","S383C177","d__Bacteria;p__Proteobacteria;c__Gammaproteobacteria;o__Pseudomonadales;f__Pseudomonadaceae;g__Pseudomonas_E;s__Pseudomonas_E monteilii_C","Bacteria","Proteobacteria","Gammaproteobacteria","Pseudomonadales","Pseudomonadaceae","Pseudomonas_E","Pseudomonas_E monteilii_C",77.49018641,0,2,0,0,0,0,0,4,0,0,0,0,0,18,16,13,5,3,4,0,4,1,0,0,1,0,18,2,0,0,0,6,55,30,3,"Class C"
"9","S514C504","d__Bacteria;p__Proteobacteria;c__Gammaproteobacteria;o__Pseudomonadales;f__Pseudomonadaceae;g__Pseudomonas_E;s__Pseudomonas_E mosselii","Bacteria","Proteobacteria","Gammaproteobacteria","Pseudomonadales","Pseudomonadaceae","Pseudomonas_E","Pseudomonas_E mosselii",684.86014,0,1,0,0,0,0,0,6,0,0,0,0,0,9,23,18,2,4,4,0,3,6,0,0,2,0,18,3,0,0,0,7,56,36,3,"Class C"
"10","S564C318","d__Bacteria;p__Proteobacteria;c__Gammaproteobacteria;o__Pseudomonadales;f__Pseudomonadaceae;g__Pseudomonas_E;s__Pseudomonas_E sp014268975","Bacteria","Proteobacteria","Gammaproteobacteria","Pseudomonadales","Pseudomonadaceae","Pseudomonas_E","Pseudomonas_E sp014268975",86.22692568,0,1,0,0,0,0,0,4,0,0,0,0,0,15,22,16,4,4,4,0,4,3,0,0,1,0,18,3,0,0,0,5,61,33,3,"Class C"
"11","S342C5326","d__Bacteria;p__Proteobacteria;c__Gammaproteobacteria;o__Pseudomonadales;f__Pseudomonadaceae;g__Pseudomonas_E;s__Pseudomonas_E sp002843585","Bacteria","Proteobacteria","Gammaproteobacteria","Pseudomonadales","Pseudomonadaceae","Pseudomonas_E","Pseudomonas_E sp002843585",234.5464925,0,1,0,0,0,0,0,3,0,0,0,0,0,5,11,10,0,3,4,0,3,0,0,0,2,0,12,2,0,0,0,4,29,23,3,"Class C"
"12","S46C332","d__Bacteria;p__Proteobacteria;c__Gammaproteobacteria;o__Pseudomonadales;f__Pseudomonadaceae;g__Pseudomonas_E;s__Pseudomonas_E umsongensis","Bacteria","Proteobacteria","Gammaproteobacteria","Pseudomonadales","Pseudomonadaceae","Pseudomonas_E","Pseudomonas_E umsongensis",691.7881403,0,1,0,0,0,0,0,4,0,0,0,0,0,7,11,12,1,4,7,0,5,0,0,0,1,0,18,3,0,0,0,5,35,34,3,"Class C"
"13","S677C3224","d__Bacteria;p__Proteobacteria;c__Gammaproteobacteria;o__Pseudomonadales;f__Pseudomonadaceae;g__Pseudomonas_E;s__Pseudomonas_E extremorientalis","Bacteria","Proteobacteria","Gammaproteobacteria","Pseudomonadales","Pseudomonadaceae","Pseudomonas_E","Pseudomonas_E extremorientalis",1360.712377,0,1,0,0,0,0,0,2,0,0,0,0,0,4,15,13,2,6,6,0,3,5,0,0,1,0,18,2,0,0,0,3,40,35,3,"Class C"
"14","S28C15355","d__Bacteria;p__Proteobacteria;c__Gammaproteobacteria;o__Pseudomonadales;f__Pseudomonadaceae;g__Pseudomonas_E;s__Pseudomonas_E lactis","Bacteria","Proteobacteria","Gammaproteobacteria","Pseudomonadales","Pseudomonadaceae","Pseudomonas_E","Pseudomonas_E lactis",366.4217303,0,1,0,0,0,0,0,4,0,0,0,0,0,11,17,15,5,4,6,0,3,5,0,0,1,0,18,4,0,0,0,5,52,37,3,"Class C"
"15","S79C9859","d__Bacteria;p__Proteobacteria;c__Gammaproteobacteria;o__Pseudomonadales;f__Pseudomonadaceae;g__Pseudomonas_E;s__Pseudomonas_E sp009834565","Bacteria","Proteobacteria","Gammaproteobacteria","Pseudomonadales","Pseudomonadaceae","Pseudomonas_E","Pseudomonas_E sp009834565",937.0957889,0,1,0,0,0,0,0,2,0,0,0,0,0,6,19,15,0,4,5,0,2,5,0,0,1,0,17,3,0,0,0,3,44,33,3,"Class C"
"16","S339C4178","d__Bacteria;p__Proteobacteria;c__Gammaproteobacteria;o__Pseudomonadales;f__Pseudomonadaceae;g__Pseudomonas_E;s__Pseudomonas_E sp900585815","Bacteria","Proteobacteria","Gammaproteobacteria","Pseudomonadales","Pseudomonadaceae","Pseudomonas_E","Pseudomonas_E sp900585815",1006.524097,0,1,0,0,0,0,0,3,0,0,0,0,0,2,7,15,2,2,8,0,4,10,0,0,1,0,17,0,0,0,0,4,28,40,3,"Class C"
"17","S342C4178","d__Bacteria;p__Proteobacteria;c__Gammaproteobacteria;o__Pseudomonadales;f__Pseudomonadaceae;g__Pseudomonas_E;s__Pseudomonas_E sp900585815","Bacteria","Proteobacteria","Gammaproteobacteria","Pseudomonadales","Pseudomonadaceae","Pseudomonas_E","Pseudomonas_E sp900585815",229.7686901,0,1,0,0,0,0,0,3,0,0,0,0,0,5,7,12,2,3,8,0,4,7,0,0,1,0,17,0,0,0,0,4,29,37,3,"Class C"
"18","S212C112","d__Bacteria;p__Proteobacteria;c__Gammaproteobacteria;o__Pseudomonadales;f__Pseudomonadaceae;g__Pseudomonas_E;s__Pseudomonas_E viridiflava","Bacteria","Proteobacteria","Gammaproteobacteria","Pseudomonadales","Pseudomonadaceae","Pseudomonas_E","Pseudomonas_E viridiflava",3442.833289,0,1,0,0,0,0,0,4,0,0,0,0,0,12,26,15,4,7,9,0,5,10,0,0,0,0,16,3,0,0,0,5,64,43,3,"Class C"
"19","S29C3042","d__Bacteria;p__Proteobacteria;c__Gammaproteobacteria;o__Pseudomonadales;f__Pseudomonadaceae;g__Pseudomonas_E;s__Pseudomonas_E viridiflava_B","Bacteria","Proteobacteria","Gammaproteobacteria","Pseudomonadales","Pseudomonadaceae","Pseudomonas_E","Pseudomonas_E viridiflava_B",579.2249851,0,1,0,0,0,0,0,4,0,0,0,0,0,19,22,16,6,10,9,0,5,1,0,0,1,0,0,3,0,0,0,5,73,19,3,"Class C"
"20","S530C639","d__Bacteria;p__Proteobacteria;c__Gammaproteobacteria;o__Pseudomonadales;f__Pseudomonadaceae;g__Pseudomonas_E;s__","Bacteria","Proteobacteria","Gammaproteobacteria","Pseudomonadales","Pseudomonadaceae","Pseudomonas_E","",22.55034724,0,1,0,0,0,0,0,3,0,0,0,0,0,13,17,19,3,6,8,0,5,5,0,0,1,0,16,1,0,0,0,4,58,36,3,"Class C"
"21","S23C11494","d__Bacteria;p__Proteobacteria;c__Gammaproteobacteria;o__Pseudomonadales;f__Pseudomonadaceae;g__Pseudomonas_E;s__Pseudomonas_E cichorii_A","Bacteria","Proteobacteria","Gammaproteobacteria","Pseudomonadales","Pseudomonadaceae","Pseudomonas_E","Pseudomonas_E cichorii_A",74.42564474,0,1,0,0,0,0,0,5,0,0,0,0,0,15,14,19,5,19,10,0,5,15,0,0,2,0,15,4,0,0,0,6,72,51,2,"Class B"
"22","S32C1283","d__Bacteria;p__Proteobacteria;c__Gammaproteobacteria;o__Pseudomonadales;f__Pseudomonadaceae;g__Pseudomonas_E;s__Pseudomonas_E cichorii_A","Bacteria","Proteobacteria","Gammaproteobacteria","Pseudomonadales","Pseudomonadaceae","Pseudomonas_E","Pseudomonas_E cichorii_A",48.23188441,0,1,0,0,0,0,0,5,0,0,0,0,0,16,19,14,3,6,10,0,5,15,0,0,2,0,15,4,0,0,0,6,58,51,2,"Class B"
"23","S521C244","d__Bacteria;p__Proteobacteria;c__Gammaproteobacteria;o__Pseudomonadales;f__Pseudomonadaceae;g__Pseudomonas_E;s__Pseudomonas_E straminea","Bacteria","Proteobacteria","Gammaproteobacteria","Pseudomonadales","Pseudomonadaceae","Pseudomonas_E","Pseudomonas_E straminea",121.5023352,0,1,0,0,0,0,0,1,0,0,0,0,0,5,11,15,1,6,16,0,3,5,0,0,3,0,16,0,0,0,0,2,38,43,3,"Class C"
"24","S494C244","d__Bacteria;p__Proteobacteria;c__Gammaproteobacteria;o__Pseudomonadales;f__Pseudomonadaceae;g__Pseudomonas_E;s__Pseudomonas_E straminea","Bacteria","Proteobacteria","Gammaproteobacteria","Pseudomonadales","Pseudomonadaceae","Pseudomonas_E","Pseudomonas_E straminea",14.85093152,0,1,0,0,0,0,0,3,0,0,0,0,0,10,6,15,3,6,17,0,3,5,0,0,6,0,17,0,0,0,0,4,40,48,3,"Class C"
"25","S420C244","d__Bacteria;p__Proteobacteria;c__Gammaproteobacteria;o__Pseudomonadales;f__Pseudomonadaceae;g__Pseudomonas_E;s__Pseudomonas_E straminea","Bacteria","Proteobacteria","Gammaproteobacteria","Pseudomonadales","Pseudomonadaceae","Pseudomonas_E","Pseudomonas_E straminea",50.28189719,0,1,0,0,0,0,0,2,0,0,0,0,0,3,6,13,2,6,17,0,3,5,0,0,4,0,18,0,0,0,0,3,30,47,3,"Class C"
"26","S514C244","d__Bacteria;p__Proteobacteria;c__Gammaproteobacteria;o__Pseudomonadales;f__Pseudomonadaceae;g__Pseudomonas_E;s__Pseudomonas_E straminea","Bacteria","Proteobacteria","Gammaproteobacteria","Pseudomonadales","Pseudomonadaceae","Pseudomonas_E","Pseudomonas_E straminea",56.76152461,0,1,0,0,0,0,0,3,0,0,0,0,0,5,9,13,2,6,16,0,3,5,0,0,3,0,15,0,0,0,0,4,35,42,3,"Class C"
"27","S545C2633","d__Bacteria;p__Proteobacteria;c__Gammaproteobacteria;o__Pseudomonadales;f__Pseudomonadaceae;g__Pseudomonas_B;s__","Bacteria","Proteobacteria","Gammaproteobacteria","Pseudomonadales","Pseudomonadaceae","Pseudomonas_B","",145.3131009,0,0,0,0,0,0,0,1,0,0,0,0,0,4,8,14,5,5,10,0,3,1,0,0,1,0,14,0,0,0,0,1,36,29,3,"Class C"
"28","S558C248","d__Bacteria;p__Proteobacteria;c__Gammaproteobacteria;o__Pseudomonadales;f__Pseudomonadaceae;g__Pseudomonas_B;s__Pseudomonas_B oryzihabitans","Bacteria","Proteobacteria","Gammaproteobacteria","Pseudomonadales","Pseudomonadaceae","Pseudomonas_B","Pseudomonas_B oryzihabitans",175.315263,0,0,0,0,0,0,0,1,0,0,0,0,0,1,5,12,4,3,10,0,3,0,0,0,2,0,14,0,0,0,0,1,25,29,3,"Class C"
"29","S534C248","d__Bacteria;p__Proteobacteria;c__Gammaproteobacteria;o__Pseudomonadales;f__Pseudomonadaceae;g__Pseudomonas_B;s__Pseudomonas_B oryzihabitans","Bacteria","Proteobacteria","Gammaproteobacteria","Pseudomonadales","Pseudomonadaceae","Pseudomonas_B","Pseudomonas_B oryzihabitans",176.3146749,0,0,0,0,0,0,0,1,0,0,0,0,0,7,9,18,6,4,10,0,3,1,0,0,2,0,14,0,0,0,0,1,44,30,3,"Class C"
"30","S502C248","d__Bacteria;p__Proteobacteria;c__Gammaproteobacteria;o__Pseudomonadales;f__Pseudomonadaceae;g__Pseudomonas_B;s__Pseudomonas_B oryzihabitans","Bacteria","Proteobacteria","Gammaproteobacteria","Pseudomonadales","Pseudomonadaceae","Pseudomonas_B","Pseudomonas_B oryzihabitans",250.4897603,0,0,0,0,0,0,0,1,0,0,0,0,0,4,6,14,5,4,9,0,3,0,0,0,1,0,14,0,0,0,0,1,33,27,3,"Class C"
"31","S389C248","d__Bacteria;p__Proteobacteria;c__Gammaproteobacteria;o__Pseudomonadales;f__Pseudomonadaceae;g__Pseudomonas_B;s__Pseudomonas_B oryzihabitans","Bacteria","Proteobacteria","Gammaproteobacteria","Pseudomonadales","Pseudomonadaceae","Pseudomonas_B","Pseudomonas_B oryzihabitans",187.6188487,0,0,0,0,0,0,0,1,0,0,0,0,0,3,7,14,5,5,10,0,2,0,0,0,2,0,10,0,0,0,0,1,34,24,3,"Class C"
"32","S555C248","d__Bacteria;p__Proteobacteria;c__Gammaproteobacteria;o__Pseudomonadales;f__Pseudomonadaceae;g__Pseudomonas_B;s__Pseudomonas_B oryzihabitans","Bacteria","Proteobacteria","Gammaproteobacteria","Pseudomonadales","Pseudomonadaceae","Pseudomonas_B","Pseudomonas_B oryzihabitans",61.99575019,0,0,0,0,0,0,0,1,0,0,0,0,0,6,10,18,3,5,10,0,3,0,0,0,2,0,14,0,0,0,0,1,42,29,3,"Class C"
"33","S571C248","d__Bacteria;p__Proteobacteria;c__Gammaproteobacteria;o__Pseudomonadales;f__Pseudomonadaceae;g__Pseudomonas_B;s__Pseudomonas_B oryzihabitans","Bacteria","Proteobacteria","Gammaproteobacteria","Pseudomonadales","Pseudomonadaceae","Pseudomonas_B","Pseudomonas_B oryzihabitans",137.4315942,0,0,0,0,0,0,0,1,0,0,0,0,0,1,7,11,3,4,10,0,2,0,0,0,2,0,14,0,0,0,0,1,26,28,3,"Class C"
"34","S591C248","d__Bacteria;p__Proteobacteria;c__Gammaproteobacteria;o__Pseudomonadales;f__Pseudomonadaceae;g__Pseudomonas_B;s__Pseudomonas_B oryzihabitans","Bacteria","Proteobacteria","Gammaproteobacteria","Pseudomonadales","Pseudomonadaceae","Pseudomonas_B","Pseudomonas_B oryzihabitans",312.8989981,0,0,0,0,0,0,0,1,0,0,0,0,0,2,7,12,4,5,9,0,3,0,0,0,2,0,11,0,0,0,0,1,30,25,3,"Class C"
"35","S522C248","d__Bacteria;p__Proteobacteria;c__Gammaproteobacteria;o__Pseudomonadales;f__Pseudomonadaceae;g__Pseudomonas_B;s__Pseudomonas_B oryzihabitans","Bacteria","Proteobacteria","Gammaproteobacteria","Pseudomonadales","Pseudomonadaceae","Pseudomonas_B","Pseudomonas_B oryzihabitans",53.82962782,0,0,0,0,0,0,0,1,0,0,0,0,0,6,7,20,6,5,10,0,3,0,0,0,2,0,15,0,0,0,0,1,44,30,3,"Class C"
"36","S402C248","d__Bacteria;p__Proteobacteria;c__Gammaproteobacteria;o__Pseudomonadales;f__Pseudomonadaceae;g__Pseudomonas_B;s__Pseudomonas_B oryzihabitans","Bacteria","Proteobacteria","Gammaproteobacteria","Pseudomonadales","Pseudomonadaceae","Pseudomonas_B","Pseudomonas_B oryzihabitans",231.6805521,0,0,0,0,0,0,0,1,0,0,0,0,0,1,7,11,5,3,10,0,2,0,0,0,2,0,12,0,0,0,0,1,27,26,3,"Class C"
"37","S73C248","d__Bacteria;p__Proteobacteria;c__Gammaproteobacteria;o__Pseudomonadales;f__Pseudomonadaceae;g__Pseudomonas_B;s__Pseudomonas_B oryzihabitans","Bacteria","Proteobacteria","Gammaproteobacteria","Pseudomonadales","Pseudomonadaceae","Pseudomonas_B","Pseudomonas_B oryzihabitans",20.28672515,0,0,0,0,0,0,0,1,0,0,0,0,0,2,7,13,3,4,10,0,3,1,0,0,2,0,14,0,0,0,0,1,29,30,3,"Class C"
"38","S30C43073","d__Bacteria;p__Proteobacteria;c__Gammaproteobacteria;o__Enterobacterales;f__Enterobacteriaceae;g__Dickeya;s__Dickeya fangzhongdai","Bacteria","Proteobacteria","Gammaproteobacteria","Enterobacterales","Enterobacteriaceae","Dickeya","Dickeya fangzhongdai",166.4180517,0,1,0,0,0,0,0,2,0,1,0,0,0,20,30,55,14,29,0,0,0,8,0,0,3,0,15,0,0,3,0,4,148,29,1,"Class A"
"39","S83C6449","d__Bacteria;p__Proteobacteria;c__Gammaproteobacteria;o__Enterobacterales;f__Enterobacteriaceae;g__Rahnella;s__Rahnella variigena","Bacteria","Proteobacteria","Gammaproteobacteria","Enterobacterales","Enterobacteriaceae","Rahnella","Rahnella variigena",280.522655,0,1,1,0,0,0,0,4,0,2,0,0,0,15,41,54,7,22,1,1,0,2,0,0,0,0,19,0,0,3,0,8,139,26,1,"Class A"
"40","S469C14054","d__Bacteria;p__Proteobacteria;c__Gammaproteobacteria;o__Enterobacterales;f__Enterobacteriaceae;g__Pluralibacter;s__","Bacteria","Proteobacteria","Gammaproteobacteria","Enterobacterales","Enterobacteriaceae","Pluralibacter","",72.35312731,0,1,0,0,0,0,2,8,1,1,0,0,0,25,48,98,18,38,0,2,3,4,0,0,8,1,12,7,0,4,0,13,227,41,1,"Class A"
"41","S632C5740","d__Bacteria;p__Proteobacteria;c__Gammaproteobacteria;o__Enterobacterales;f__Enterobacteriaceae;g__Pseudocitrobacter;s__","Bacteria","Proteobacteria","Gammaproteobacteria","Enterobacterales","Enterobacteriaceae","Pseudocitrobacter","",30.96026015,0,1,1,0,0,0,2,15,1,5,0,0,0,26,71,95,23,43,0,2,0,2,0,0,5,3,12,14,0,5,0,25,258,43,1,"Class A"
"42","S30C2592","d__Bacteria;p__Proteobacteria;c__Gammaproteobacteria;o__Enterobacterales;f__Enterobacteriaceae;g__Klebsiella;s__Klebsiella pneumoniae","Bacteria","Proteobacteria","Gammaproteobacteria","Enterobacterales","Enterobacteriaceae","Klebsiella","Klebsiella pneumoniae",107.6111108,0,2,2,0,0,1,2,15,2,5,0,0,0,21,65,115,21,42,16,3,8,12,0,0,7,1,0,15,0,6,0,29,264,68,1,"Class A"
"43","S360C8899","d__Bacteria;p__Proteobacteria;c__Gammaproteobacteria;o__Enterobacterales;f__Enterobacteriaceae;g__Klebsiella_A;s__Klebsiella_A oxytoca","Bacteria","Proteobacteria","Gammaproteobacteria","Enterobacterales","Enterobacteriaceae","Klebsiella_A","Klebsiella_A oxytoca",11.46282108,0,2,1,0,0,1,2,16,2,4,0,0,0,22,54,99,14,38,9,3,4,1,0,0,8,1,0,30,0,4,0,28,227,60,1,"Class A"
"44","S373C352","d__Bacteria;p__Proteobacteria;c__Gammaproteobacteria;o__Enterobacterales;f__Enterobacteriaceae;g__Enterobacter;s__Enterobacter hormaechei_A","Bacteria","Proteobacteria","Gammaproteobacteria","Enterobacterales","Enterobacteriaceae","Enterobacter","Enterobacter hormaechei_A",806.6601312,0,1,1,0,0,1,2,17,1,2,0,0,0,33,65,111,32,60,4,3,0,3,0,0,5,1,14,11,0,5,0,25,301,46,1,"Class A"
"45","S379C263","d__Bacteria;p__Proteobacteria;c__Gammaproteobacteria;o__Enterobacterales;f__Enterobacteriaceae;g__Enterobacter;s__Enterobacter cancerogenus","Bacteria","Proteobacteria","Gammaproteobacteria","Enterobacterales","Enterobacteriaceae","Enterobacter","Enterobacter cancerogenus",55.83488415,0,1,1,0,0,0,1,10,1,3,0,0,0,18,51,82,17,34,6,2,0,6,0,0,5,0,8,15,0,4,0,17,202,46,1,"Class A"
"46","S427C4814","d__Bacteria;p__Proteobacteria;c__Gammaproteobacteria;o__Enterobacterales;f__Enterobacteriaceae;g__Enterobacter;s__Enterobacter sp003057745","Bacteria","Proteobacteria","Gammaproteobacteria","Enterobacterales","Enterobacteriaceae","Enterobacter","Enterobacter sp003057745",33.69024435,0,2,1,0,0,0,2,13,1,3,0,0,0,10,27,93,12,25,4,3,0,11,0,0,5,0,14,16,0,5,0,22,167,58,1,"Class A"
"47","S354C5328","d__Bacteria;p__Proteobacteria;c__Gammaproteobacteria;o__Enterobacterales;f__Enterobacteriaceae;g__Enterobacter;s__Enterobacter ludwigii","Bacteria","Proteobacteria","Gammaproteobacteria","Enterobacterales","Enterobacteriaceae","Enterobacter","Enterobacter ludwigii",618.0253155,0,1,1,0,0,1,1,12,1,2,0,0,0,6,68,87,10,33,3,3,0,2,0,0,2,1,12,8,0,3,0,19,204,34,1,"Class A"
"48","S472C1577","d__Bacteria;p__Proteobacteria;c__Gammaproteobacteria;o__Enterobacterales;f__Enterobacteriaceae;g__Enterobacter;s__Enterobacter cloacae_K","Bacteria","Proteobacteria","Gammaproteobacteria","Enterobacterales","Enterobacteriaceae","Enterobacter","Enterobacter cloacae_K",28.55848858,0,1,1,0,0,1,2,15,1,3,0,0,0,18,73,103,13,35,3,2,0,7,0,0,5,1,14,9,0,5,0,24,242,46,1,"Class A"
"49","S520C265","d__Bacteria;p__Proteobacteria;c__Gammaproteobacteria;o__Enterobacterales;f__Enterobacteriaceae;g__Enterobacter;s__Enterobacter cloacae_M","Bacteria","Proteobacteria","Gammaproteobacteria","Enterobacterales","Enterobacteriaceae","Enterobacter","Enterobacter cloacae_M",15.22845418,0,1,1,0,0,1,2,15,1,3,1,0,0,34,96,111,26,43,3,2,0,0,0,0,5,1,14,11,0,5,0,25,310,41,1,"Class A"
"50","S551C1230","d__Bacteria;p__Proteobacteria;c__Gammaproteobacteria;o__Enterobacterales;f__Enterobacteriaceae;g__Enterobacter;s__Enterobacter roggenkampii","Bacteria","Proteobacteria","Gammaproteobacteria","Enterobacterales","Enterobacteriaceae","Enterobacter","Enterobacter roggenkampii",420.058195,0,2,1,0,0,1,1,8,1,3,0,0,0,20,48,92,23,40,3,2,0,2,0,0,4,0,12,7,0,2,0,17,223,32,1,"Class A"
"51","S23C56194","d__Bacteria;p__Proteobacteria;c__Gammaproteobacteria;o__Enterobacterales;f__Enterobacteriaceae;g__Erwinia;s__","Bacteria","Proteobacteria","Gammaproteobacteria","Enterobacterales","Enterobacteriaceae","Erwinia","",10.72777712,0,1,0,0,0,0,0,4,0,1,0,0,0,9,37,62,4,14,0,1,0,6,0,0,2,0,15,0,0,4,0,6,126,28,1,"Class A"
"52","S360C1145","d__Bacteria;p__Proteobacteria;c__Gammaproteobacteria;o__Enterobacterales;f__Enterobacteriaceae;g__Erwinia;s__Erwinia aphidicola","Bacteria","Proteobacteria","Gammaproteobacteria","Enterobacterales","Enterobacteriaceae","Erwinia","Erwinia aphidicola",11.16941873,0,1,0,0,0,0,0,4,0,3,0,0,0,16,33,64,6,14,0,1,0,5,0,0,3,0,10,0,0,5,0,8,133,24,1,"Class A"
"53","S538C6227","d__Bacteria;p__Proteobacteria;c__Gammaproteobacteria;o__Enterobacterales;f__Enterobacteriaceae;g__Erwinia;s__","Bacteria","Proteobacteria","Gammaproteobacteria","Enterobacterales","Enterobacteriaceae","Erwinia","",29.98037547,0,1,0,0,0,0,0,3,0,3,0,0,0,33,26,60,1,14,0,1,0,2,0,0,3,1,0,0,0,5,0,7,134,12,1,"Class A"
"54","S444C20","d__Bacteria;p__Proteobacteria;c__Gammaproteobacteria;o__Enterobacterales;f__Enterobacteriaceae;g__Pantoea;s__Pantoea eucrina","Bacteria","Proteobacteria","Gammaproteobacteria","Enterobacterales","Enterobacteriaceae","Pantoea","Pantoea eucrina",221.3452092,0,1,0,0,0,0,0,4,0,1,0,0,0,20,34,74,10,20,0,1,0,2,0,0,3,1,15,0,0,5,0,6,158,27,1,"Class A"
"55","S479C21704","d__Bacteria;p__Proteobacteria;c__Gammaproteobacteria;o__Enterobacterales;f__Enterobacteriaceae;g__Pantoea;s__Pantoea ludwigii_B","Bacteria","Proteobacteria","Gammaproteobacteria","Enterobacterales","Enterobacteriaceae","Pantoea","Pantoea ludwigii_B",13.70691816,0,1,0,0,0,0,0,4,0,1,0,0,0,10,45,68,4,19,0,1,0,3,0,0,2,1,16,0,0,5,0,6,146,28,1,"Class A"
"56","S563C148","d__Bacteria;p__Proteobacteria;c__Gammaproteobacteria;o__Enterobacterales;f__Enterobacteriaceae;g__Pantoea;s__Pantoea dispersa","Bacteria","Proteobacteria","Gammaproteobacteria","Enterobacterales","Enterobacteriaceae","Pantoea","Pantoea dispersa",13.56337848,0,1,0,0,0,0,0,4,0,1,0,0,0,9,32,66,13,18,0,1,0,0,0,0,4,1,16,0,0,5,0,6,138,27,1,"Class A"
"57","S435C148","d__Bacteria;p__Proteobacteria;c__Gammaproteobacteria;o__Enterobacterales;f__Enterobacteriaceae;g__Pantoea;s__Pantoea dispersa","Bacteria","Proteobacteria","Gammaproteobacteria","Enterobacterales","Enterobacteriaceae","Pantoea","Pantoea dispersa",87.63164469,0,1,0,0,0,0,0,3,0,1,0,0,0,6,48,65,14,15,0,1,0,3,0,0,3,1,16,0,0,5,0,5,148,29,1,"Class A"
"58","S469C148","d__Bacteria;p__Proteobacteria;c__Gammaproteobacteria;o__Enterobacterales;f__Enterobacteriaceae;g__Pantoea;s__Pantoea dispersa","Bacteria","Proteobacteria","Gammaproteobacteria","Enterobacterales","Enterobacteriaceae","Pantoea","Pantoea dispersa",17.71831612,0,1,0,0,0,0,0,4,0,1,0,0,0,12,28,69,13,18,0,1,0,0,0,0,4,1,16,0,0,5,0,6,140,27,1,"Class A"
"59","S472C148","d__Bacteria;p__Proteobacteria;c__Gammaproteobacteria;o__Enterobacterales;f__Enterobacteriaceae;g__Pantoea;s__Pantoea dispersa","Bacteria","Proteobacteria","Gammaproteobacteria","Enterobacterales","Enterobacteriaceae","Pantoea","Pantoea dispersa",806.6088344,0,0,0,0,0,0,0,3,0,1,0,0,0,6,39,46,12,15,0,0,0,3,0,0,3,1,15,0,0,4,0,4,118,26,1,"Class A"
"60","S505C164","d__Bacteria;p__Proteobacteria;c__Gammaproteobacteria;o__Enterobacterales;f__Enterobacteriaceae;g__Pantoea;s__Pantoea ananatis","Bacteria","Proteobacteria","Gammaproteobacteria","Enterobacterales","Enterobacteriaceae","Pantoea","Pantoea ananatis",84.16377929,0,1,0,0,0,0,0,3,0,0,0,0,0,61,48,80,14,18,0,1,0,7,0,0,3,1,14,4,0,5,0,4,221,35,1,"Class A"
"61","S684C521","d__Bacteria;p__Proteobacteria;c__Gammaproteobacteria;o__Enterobacterales;f__Enterobacteriaceae;g__Pantoea;s__Pantoea ananatis","Bacteria","Proteobacteria","Gammaproteobacteria","Enterobacterales","Enterobacteriaceae","Pantoea","Pantoea ananatis",244.3801698,0,1,0,0,0,0,0,3,0,0,0,0,0,11,39,61,7,15,0,0,0,4,0,0,3,1,13,4,0,5,0,4,133,30,1,"Class A"
"62","S567C1696","d__Bacteria;p__Proteobacteria;c__Gammaproteobacteria;o__Enterobacterales;f__Enterobacteriaceae;g__Pantoea;s__Pantoea deleyi","Bacteria","Proteobacteria","Gammaproteobacteria","Enterobacterales","Enterobacteriaceae","Pantoea","Pantoea deleyi",41.88880419,0,1,0,0,0,0,0,3,0,0,0,0,0,15,48,70,5,16,0,1,0,7,0,0,3,1,13,0,0,5,0,4,154,30,1,"Class A"
"63","S583C31","d__Bacteria;p__Proteobacteria;c__Gammaproteobacteria;o__Enterobacterales;f__Enterobacteriaceae;g__Pantoea;s__Pantoea sp003236715","Bacteria","Proteobacteria","Gammaproteobacteria","Enterobacterales","Enterobacteriaceae","Pantoea","Pantoea sp003236715",42.5733464,0,1,0,0,0,0,0,4,0,0,0,0,0,21,35,73,5,16,0,1,0,1,0,0,3,1,13,0,0,5,0,5,150,24,1,"Class A"
"64","S343C7739","d__Bacteria;p__Proteobacteria;c__Gammaproteobacteria;o__Enterobacterales;f__Enterobacteriaceae;g__Pantoea;s__Pantoea agglomerans","Bacteria","Proteobacteria","Gammaproteobacteria","Enterobacterales","Enterobacteriaceae","Pantoea","Pantoea agglomerans",113.1021565,0,1,0,0,0,0,0,3,0,0,0,0,0,13,24,69,23,19,0,1,0,3,0,0,2,1,11,0,0,5,0,4,148,23,1,"Class A"
"65","S332C12206","d__Bacteria;p__Proteobacteria;c__Gammaproteobacteria;o__Enterobacterales;f__Enterobacteriaceae;g__Pantoea;s__Pantoea agglomerans","Bacteria","Proteobacteria","Gammaproteobacteria","Enterobacterales","Enterobacteriaceae","Pantoea","Pantoea agglomerans",172.1134078,0,0,0,0,0,0,0,2,0,0,0,0,0,25,42,74,22,22,0,0,0,3,0,0,3,1,11,0,0,5,0,2,185,23,1,"Class A"
"66","S335C12252","d__Bacteria;p__Proteobacteria;c__Gammaproteobacteria;o__Enterobacterales;f__Enterobacteriaceae;g__Pantoea;s__Pantoea agglomerans","Bacteria","Proteobacteria","Gammaproteobacteria","Enterobacterales","Enterobacteriaceae","Pantoea","Pantoea agglomerans",92.94551456,0,1,0,0,0,0,0,3,0,0,0,0,0,21,43,73,22,25,0,1,0,1,0,0,3,1,13,0,0,5,0,4,184,24,1,"Class A"
"67","S642C27051","d__Bacteria;p__Proteobacteria;c__Gammaproteobacteria;o__Pseudomonadales;f__Moraxellaceae;g__Acinetobacter;s__Acinetobacter soli","Bacteria","Proteobacteria","Gammaproteobacteria","Pseudomonadales","Moraxellaceae","Acinetobacter","Acinetobacter soli",158.7662598,0,0,0,0,0,0,0,1,0,0,0,0,0,7,2,11,0,3,5,0,0,10,0,0,7,0,0,1,0,0,0,1,23,23,3,"Class C"
"68","S647C7776","d__Bacteria;p__Proteobacteria;c__Gammaproteobacteria;o__Pseudomonadales;f__Moraxellaceae;g__Acinetobacter;s__Acinetobacter soli","Bacteria","Proteobacteria","Gammaproteobacteria","Pseudomonadales","Moraxellaceae","Acinetobacter","Acinetobacter soli",54.66001526,0,0,0,0,0,0,0,1,0,0,0,0,0,7,6,10,1,3,5,0,0,10,0,0,4,0,0,1,0,0,0,1,27,20,3,"Class C"
"69","S592C9527","d__Bacteria;p__Proteobacteria;c__Gammaproteobacteria;o__Pseudomonadales;f__Moraxellaceae;g__Acinetobacter;s__Acinetobacter soli","Bacteria","Proteobacteria","Gammaproteobacteria","Pseudomonadales","Moraxellaceae","Acinetobacter","Acinetobacter soli",226.2469674,0,0,0,0,0,0,0,1,0,0,0,0,0,12,2,11,3,3,5,0,0,9,0,0,7,0,0,1,0,0,0,1,31,22,3,"Class C"
"70","S630C1526","d__Bacteria;p__Proteobacteria;c__Gammaproteobacteria;o__Pseudomonadales;f__Moraxellaceae;g__Acinetobacter;s__Acinetobacter soli","Bacteria","Proteobacteria","Gammaproteobacteria","Pseudomonadales","Moraxellaceae","Acinetobacter","Acinetobacter soli",147.4273655,0,0,0,0,0,0,0,1,0,0,0,0,0,9,3,11,0,3,5,0,0,10,0,0,7,0,0,1,0,0,0,1,26,23,3,"Class C"
"71","S579C2337","d__Bacteria;p__Proteobacteria;c__Gammaproteobacteria;o__Pseudomonadales;f__Moraxellaceae;g__Acinetobacter;s__Acinetobacter soli","Bacteria","Proteobacteria","Gammaproteobacteria","Pseudomonadales","Moraxellaceae","Acinetobacter","Acinetobacter soli",779.4834163,0,0,0,0,0,0,0,1,0,0,0,0,0,2,0,11,0,3,5,0,0,10,0,0,5,0,0,0,0,0,0,1,16,20,3,"Class C"
"72","S451C871","d__Bacteria;p__Proteobacteria;c__Gammaproteobacteria;o__Pseudomonadales;f__Moraxellaceae;g__Acinetobacter;s__Acinetobacter soli","Bacteria","Proteobacteria","Gammaproteobacteria","Pseudomonadales","Moraxellaceae","Acinetobacter","Acinetobacter soli",166.0934598,0,0,0,0,0,0,0,1,0,0,0,0,0,6,4,11,1,3,5,0,0,10,0,0,8,0,0,1,0,0,0,1,25,24,3,"Class C"
"73","S388C29539","d__Bacteria;p__Proteobacteria;c__Gammaproteobacteria;o__Pseudomonadales;f__Moraxellaceae;g__Acinetobacter;s__Acinetobacter soli","Bacteria","Proteobacteria","Gammaproteobacteria","Pseudomonadales","Moraxellaceae","Acinetobacter","Acinetobacter soli",159.3251823,0,0,0,0,0,0,0,1,0,0,0,0,0,11,1,11,0,3,5,0,0,10,0,0,7,0,0,1,0,0,0,1,26,23,3,"Class C"
"74","S385C1673","d__Bacteria;p__Proteobacteria;c__Gammaproteobacteria;o__Pseudomonadales;f__Moraxellaceae;g__Acinetobacter;s__Acinetobacter soli","Bacteria","Proteobacteria","Gammaproteobacteria","Pseudomonadales","Moraxellaceae","Acinetobacter","Acinetobacter soli",1539.564079,0,0,0,0,0,0,0,1,0,0,0,0,0,3,14,14,1,2,4,0,0,10,0,0,5,0,0,1,0,0,0,1,34,20,3,"Class C"
"75","S624C33351","d__Bacteria;p__Proteobacteria;c__Gammaproteobacteria;o__Pseudomonadales;f__Moraxellaceae;g__Acinetobacter;s__Acinetobacter modestus","Bacteria","Proteobacteria","Gammaproteobacteria","Pseudomonadales","Moraxellaceae","Acinetobacter","Acinetobacter modestus",27.08808805,0,0,0,0,0,0,0,6,0,0,0,0,0,1,2,9,2,5,9,0,3,4,0,0,8,0,0,0,0,0,1,6,19,25,3,"Class C"
"76","S542C231","d__Bacteria;p__Proteobacteria;c__Gammaproteobacteria;o__Pseudomonadales;f__Moraxellaceae;g__Acinetobacter;s__Acinetobacter bereziniae","Bacteria","Proteobacteria","Gammaproteobacteria","Pseudomonadales","Moraxellaceae","Acinetobacter","Acinetobacter bereziniae",9.321688667,0,0,1,0,0,0,0,0,0,0,0,0,0,6,2,13,6,5,7,0,0,9,0,0,9,0,0,0,0,0,1,1,32,26,3,"Class C"
"77","S583C231","d__Bacteria;p__Proteobacteria;c__Gammaproteobacteria;o__Pseudomonadales;f__Moraxellaceae;g__Acinetobacter;s__Acinetobacter bereziniae","Bacteria","Proteobacteria","Gammaproteobacteria","Pseudomonadales","Moraxellaceae","Acinetobacter","Acinetobacter bereziniae",69.99306749,0,0,1,0,0,0,0,0,0,0,0,0,0,16,4,13,5,5,7,0,0,9,0,0,7,0,0,0,0,0,1,1,43,24,3,"Class C"
"78","S14C10990","d__Bacteria;p__Proteobacteria;c__Gammaproteobacteria;o__Pseudomonadales;f__Moraxellaceae;g__Acinetobacter;s__Acinetobacter pittii_E","Bacteria","Proteobacteria","Gammaproteobacteria","Pseudomonadales","Moraxellaceae","Acinetobacter","Acinetobacter pittii_E",68.09686609,0,0,1,0,0,1,1,10,0,0,0,0,1,3,3,12,0,6,18,0,6,24,0,2,16,0,0,2,0,0,0,14,24,68,2,"Class B"
"79","S513C181","d__Bacteria;p__Proteobacteria;c__Gammaproteobacteria;o__Pseudomonadales;f__Moraxellaceae;g__Acinetobacter;s__Acinetobacter pittii","Bacteria","Proteobacteria","Gammaproteobacteria","Pseudomonadales","Moraxellaceae","Acinetobacter","Acinetobacter pittii",2030.098723,0,0,2,0,0,0,1,11,0,0,1,0,0,21,9,22,7,12,25,0,12,13,1,3,17,0,0,19,0,0,0,15,71,90,2,"Class B"
"80","S335C85781","d__Bacteria;p__Proteobacteria;c__Gammaproteobacteria;o__Pseudomonadales;f__Moraxellaceae;g__Acinetobacter;s__Acinetobacter calcoaceticus","Bacteria","Proteobacteria","Gammaproteobacteria","Pseudomonadales","Moraxellaceae","Acinetobacter","Acinetobacter calcoaceticus",26.81452681,0,0,2,0,0,0,1,12,0,0,1,0,0,0,3,16,0,8,18,0,8,26,1,3,23,0,0,10,0,0,0,16,27,89,2,"Class B"
"81","S343C2943","d__Bacteria;p__Proteobacteria;c__Gammaproteobacteria;o__Pseudomonadales;f__Moraxellaceae;g__Acinetobacter;s__Acinetobacter oleivorans","Bacteria","Proteobacteria","Gammaproteobacteria","Pseudomonadales","Moraxellaceae","Acinetobacter","Acinetobacter oleivorans",104.6011005,0,0,2,0,0,1,1,12,0,0,0,0,0,1,4,16,0,7,15,0,8,27,1,2,18,0,0,9,0,0,0,16,28,80,2,"Class B"
"82","S581C188","d__Bacteria;p__Proteobacteria;c__Gammaproteobacteria;o__Pseudomonadales;f__Moraxellaceae;g__Acinetobacter;s__Acinetobacter nosocomialis","Bacteria","Proteobacteria","Gammaproteobacteria","Pseudomonadales","Moraxellaceae","Acinetobacter","Acinetobacter nosocomialis",95.1325457,0,0,1,0,0,0,1,12,0,0,1,0,0,6,7,17,3,10,20,0,13,28,1,3,15,0,0,1,0,0,0,15,43,81,2,"Class B"
"83","S637C13469","d__Bacteria;p__Proteobacteria;c__Gammaproteobacteria;o__Pseudomonadales;f__Moraxellaceae;g__Acinetobacter;s__Acinetobacter seifertii","Bacteria","Proteobacteria","Gammaproteobacteria","Pseudomonadales","Moraxellaceae","Acinetobacter","Acinetobacter seifertii",46.17961748,0,0,1,0,0,0,1,11,0,0,0,0,0,0,2,12,1,6,17,0,9,25,1,3,15,0,0,9,0,0,0,13,21,79,2,"Class B"
"84","S593C3441","d__Bacteria;p__Proteobacteria;c__Gammaproteobacteria;o__Pseudomonadales;f__Moraxellaceae;g__Acinetobacter;s__Acinetobacter seifertii","Bacteria","Proteobacteria","Gammaproteobacteria","Pseudomonadales","Moraxellaceae","Acinetobacter","Acinetobacter seifertii",11.38166032,0,0,1,0,0,0,1,12,0,0,0,0,0,0,5,17,0,8,22,0,13,25,1,3,15,0,0,9,0,0,0,14,30,88,2,"Class B"
"85","S428C29822","d__Bacteria;p__Proteobacteria;c__Gammaproteobacteria;o__Pseudomonadales;f__Moraxellaceae;g__Acinetobacter;s__Acinetobacter seifertii","Bacteria","Proteobacteria","Gammaproteobacteria","Pseudomonadales","Moraxellaceae","Acinetobacter","Acinetobacter seifertii",12.83840627,0,0,1,0,0,0,1,12,0,0,0,0,0,0,6,15,1,9,20,0,13,26,1,3,16,0,0,9,0,0,0,14,31,88,2,"Class B"
"86","S335C2915","d__Bacteria;p__Proteobacteria;c__Gammaproteobacteria;o__Xanthomonadales;f__Xanthomonadaceae;g__Xanthomonas;s__Xanthomonas arboricola","Bacteria","Proteobacteria","Gammaproteobacteria","Xanthomonadales","Xanthomonadaceae","Xanthomonas","Xanthomonas arboricola",119.0739705,0,0,0,0,0,0,0,1,0,0,0,0,0,3,20,16,4,5,1,0,0,0,0,0,0,0,1,0,0,1,0,1,48,3,3,"Class C"
"87","S20C4641","d__Bacteria;p__Proteobacteria;c__Gammaproteobacteria;o__Xanthomonadales;f__Xanthomonadaceae;g__Xanthomonas;s__Xanthomonas perforans","Bacteria","Proteobacteria","Gammaproteobacteria","Xanthomonadales","Xanthomonadaceae","Xanthomonas","Xanthomonas perforans",41.97647709,0,0,0,0,0,0,0,1,0,0,0,0,0,8,30,16,6,14,1,0,0,0,0,0,0,0,1,0,0,1,0,1,74,3,3,"Class C"
"88","S24C4641","d__Bacteria;p__Proteobacteria;c__Gammaproteobacteria;o__Xanthomonadales;f__Xanthomonadaceae;g__Xanthomonas;s__Xanthomonas perforans","Bacteria","Proteobacteria","Gammaproteobacteria","Xanthomonadales","Xanthomonadaceae","Xanthomonas","Xanthomonas perforans",1376.779574,0,0,0,0,0,0,0,1,0,0,0,0,0,27,21,25,13,34,1,0,0,0,0,0,0,0,1,0,0,1,0,1,120,3,1,"Class A"
"89","S410C9036","d__Bacteria;p__Proteobacteria;c__Gammaproteobacteria;o__Xanthomonadales;f__Xanthomonadaceae;g__Stenotrophomonas;s__","Bacteria","Proteobacteria","Gammaproteobacteria","Xanthomonadales","Xanthomonadaceae","Stenotrophomonas","",12.75354358,0,0,1,0,0,0,0,5,0,0,0,0,0,4,12,14,0,5,1,0,0,0,0,0,0,0,0,0,0,0,0,6,35,1,3,"Class C"
"90","S575C373","d__Bacteria;p__Proteobacteria;c__Gammaproteobacteria;o__Xanthomonadales;f__Xanthomonadaceae;g__Stenotrophomonas;s__","Bacteria","Proteobacteria","Gammaproteobacteria","Xanthomonadales","Xanthomonadaceae","Stenotrophomonas","",43.65016638,1,0,1,0,0,0,0,5,0,0,0,0,0,3,9,13,3,4,1,0,0,0,0,0,0,0,0,0,0,0,0,7,32,1,3,"Class C"
"91","S32C24958","d__Bacteria;p__Proteobacteria;c__Gammaproteobacteria;o__Xanthomonadales;f__Xanthomonadaceae;g__Stenotrophomonas;s__Stenotrophomonas maltophilia_AQ","Bacteria","Proteobacteria","Gammaproteobacteria","Xanthomonadales","Xanthomonadaceae","Stenotrophomonas","Stenotrophomonas maltophilia_AQ",108.3414098,1,0,1,0,0,0,0,5,0,0,0,0,0,2,7,12,0,5,1,0,0,0,0,0,0,0,0,0,0,0,0,7,26,1,3,"Class C"
"92","S637C9348","d__Bacteria;p__Proteobacteria;c__Gammaproteobacteria;o__Xanthomonadales;f__Xanthomonadaceae;g__Stenotrophomonas;s__Stenotrophomonas sp003086775","Bacteria","Proteobacteria","Gammaproteobacteria","Xanthomonadales","Xanthomonadaceae","Stenotrophomonas","Stenotrophomonas sp003086775",91.91751141,1,0,0,0,0,0,0,3,0,0,0,0,0,4,3,11,0,3,1,0,0,0,0,0,0,0,0,0,0,0,0,4,21,1,3,"Class C"
"93","S389C394","d__Bacteria;p__Proteobacteria;c__Gammaproteobacteria;o__Xanthomonadales;f__Xanthomonadaceae;g__Stenotrophomonas;s__Stenotrophomonas maltophilia_F","Bacteria","Proteobacteria","Gammaproteobacteria","Xanthomonadales","Xanthomonadaceae","Stenotrophomonas","Stenotrophomonas maltophilia_F",107.3972168,1,0,1,0,0,0,0,5,0,0,0,0,0,3,11,12,0,5,1,0,0,0,0,0,0,0,0,0,0,0,0,7,31,1,3,"Class C"
"94","S472C9891","d__Bacteria;p__Proteobacteria;c__Gammaproteobacteria;o__Xanthomonadales;f__Xanthomonadaceae;g__Stenotrophomonas;s__Stenotrophomonas pavanii","Bacteria","Proteobacteria","Gammaproteobacteria","Xanthomonadales","Xanthomonadaceae","Stenotrophomonas","Stenotrophomonas pavanii",43.69986501,2,0,1,0,0,0,0,5,0,0,0,0,0,2,7,13,0,4,1,0,0,0,0,0,0,0,0,0,0,0,0,8,26,1,3,"Class C"
"95","S423C4380","d__Bacteria;p__Proteobacteria;c__Gammaproteobacteria;o__Xanthomonadales;f__Xanthomonadaceae;g__Stenotrophomonas;s__Stenotrophomonas maltophilia_Q","Bacteria","Proteobacteria","Gammaproteobacteria","Xanthomonadales","Xanthomonadaceae","Stenotrophomonas","Stenotrophomonas maltophilia_Q",15.54780046,1,0,1,0,0,0,0,2,0,0,0,0,0,1,6,11,0,6,2,0,0,0,0,0,0,0,0,0,0,0,0,4,24,2,3,"Class C"
"96","S632C5440","d__Bacteria;p__Proteobacteria;c__Gammaproteobacteria;o__Xanthomonadales;f__Xanthomonadaceae;g__Stenotrophomonas;s__Stenotrophomonas maltophilia","Bacteria","Proteobacteria","Gammaproteobacteria","Xanthomonadales","Xanthomonadaceae","Stenotrophomonas","Stenotrophomonas maltophilia",15.23882289,1,0,1,0,0,0,0,5,0,0,0,0,0,5,8,13,0,3,1,0,0,0,0,0,0,0,0,0,0,0,0,7,29,1,3,"Class C"
"97","S651C5440","d__Bacteria;p__Proteobacteria;c__Gammaproteobacteria;o__Xanthomonadales;f__Xanthomonadaceae;g__Stenotrophomonas;s__Stenotrophomonas maltophilia","Bacteria","Proteobacteria","Gammaproteobacteria","Xanthomonadales","Xanthomonadaceae","Stenotrophomonas","Stenotrophomonas maltophilia",47.51083907,1,0,1,0,0,0,0,4,0,0,0,0,0,1,7,10,0,3,1,0,0,0,0,0,0,0,0,0,0,0,0,6,21,1,3,"Class C"
"98","S518C613","d__Bacteria;p__Proteobacteria;c__Gammaproteobacteria;o__Burkholderiales;f__Burkholderiaceae;g__Herbaspirillum;s__Herbaspirillum rubrisubalbicans","Bacteria","Proteobacteria","Gammaproteobacteria","Burkholderiales","Burkholderiaceae","Herbaspirillum","Herbaspirillum rubrisubalbicans",16.93023761,0,0,0,0,0,0,0,1,0,0,0,0,0,5,4,3,3,5,0,0,1,0,0,0,0,0,0,0,0,0,0,1,20,1,3,"Class C"
"99","S637C4081","d__Bacteria;p__Proteobacteria;c__Gammaproteobacteria;o__Burkholderiales;f__Burkholderiaceae;g__Herbaspirillum;s__Herbaspirillum rubrisubalbicans","Bacteria","Proteobacteria","Gammaproteobacteria","Burkholderiales","Burkholderiaceae","Herbaspirillum","Herbaspirillum rubrisubalbicans",23.35906786,0,0,0,0,0,0,0,1,0,0,0,0,0,4,4,4,3,5,0,0,1,0,0,0,0,0,0,0,0,0,0,1,20,1,3,"Class C"
"100","S592C44151","d__Bacteria;p__Proteobacteria;c__Gammaproteobacteria;o__Burkholderiales;f__Burkholderiaceae;g__Acidovorax_A;s__","Bacteria","Proteobacteria","Gammaproteobacteria","Burkholderiales","Burkholderiaceae","Acidovorax_A","",35.25805207,0,1,0,0,0,0,0,0,0,0,0,0,0,8,7,1,2,0,1,0,0,0,0,0,0,0,0,0,0,0,0,1,18,1,3,"Class C"
"101","S624C10179","d__Bacteria;p__Proteobacteria;c__Gammaproteobacteria;o__Burkholderiales;f__Burkholderiaceae;g__Pseudacidovorax;s__","Bacteria","Proteobacteria","Gammaproteobacteria","Burkholderiales","Burkholderiaceae","Pseudacidovorax","",213.3165595,0,1,0,0,0,0,0,0,0,0,0,0,0,2,6,1,4,0,0,0,0,1,0,0,0,0,0,0,0,0,0,1,13,1,3,"Class C"
"102","S646C4128","d__Bacteria;p__Bacteroidota;c__Bacteroidia;o__Flavobacteriales;f__Weeksellaceae;g__Chryseobacterium;s__Chryseobacterium cucumeris","Bacteria","Bacteroidota","Bacteroidia","Flavobacteriales","Weeksellaceae","Chryseobacterium","Chryseobacterium cucumeris",16.89911666,0,0,2,0,0,0,0,0,0,0,0,0,0,17,15,25,3,7,0,0,1,0,0,0,1,0,0,0,0,0,0,2,67,2,3,"Class C"
"103","S340C3257","d__Bacteria;p__Firmicutes;c__Bacilli;o__Lactobacillales;f__Enterococcaceae;g__Enterococcus;s__","Bacteria","Firmicutes","Bacilli","Lactobacillales","Enterococcaceae","Enterococcus","",56.63716389,0,1,0,0,0,0,0,1,0,0,0,0,0,13,21,25,8,8,0,0,0,0,0,0,1,0,0,0,0,0,1,2,75,2,3,"Class C"
"104","S682C6573","d__Bacteria;p__Actinobacteriota;c__Actinomycetia;o__Mycobacteriales;f__Mycobacteriaceae;g__Rhodococcus_B;s__Rhodococcus_B fascians","Bacteria","Actinobacteriota","Actinomycetia","Mycobacteriales","Mycobacteriaceae","Rhodococcus_B","Rhodococcus_B fascians",1431.986649,0,0,0,0,0,0,0,0,0,0,0,1,0,3,8,12,0,1,0,0,0,0,0,0,0,0,0,0,1,4,1,1,24,6,3,"Class C"
"105","S618C4209","d__Bacteria;p__Proteobacteria;c__Alphaproteobacteria;o__Rhizobiales_A;f__Rhizobiaceae_A;g__Ochrobactrum_A;s__Ochrobactrum_A pseudogrignonense","Bacteria","Proteobacteria","Alphaproteobacteria","Rhizobiales_A","Rhizobiaceae_A","Ochrobactrum_A","Ochrobactrum_A pseudogrignonense",3.143491945,0,1,1,0,1,0,0,0,0,0,0,0,0,17,11,5,17,18,0,0,0,7,0,0,13,0,2,0,0,2,0,3,68,24,3,"Class C"
"106","S576C31754","d__Bacteria;p__Proteobacteria;c__Alphaproteobacteria;o__Rhizobiales;f__Rhizobiaceae;g__Agrobacterium;s__Agrobacterium tumefaciens_B","Bacteria","Proteobacteria","Alphaproteobacteria","Rhizobiales","Rhizobiaceae","Agrobacterium","Agrobacterium tumefaciens_B",11.32611638,0,0,0,1,0,0,0,0,0,0,0,0,0,28,6,19,16,29,0,0,0,0,0,0,2,0,0,0,0,1,0,1,98,3,3,"Class C"
"107","S520C455","d__Bacteria;p__Proteobacteria;c__Alphaproteobacteria;o__Rhizobiales;f__Rhizobiaceae;g__Agrobacterium;s__Agrobacterium sp900473305","Bacteria","Proteobacteria","Alphaproteobacteria","Rhizobiales","Rhizobiaceae","Agrobacterium","Agrobacterium sp900473305",82.66435409,0,0,0,0,0,0,0,0,0,0,0,0,1,8,4,13,4,10,0,0,0,0,0,0,1,0,0,0,0,1,0,1,39,2,3,"Class C"
"108","S677C1916","d__Bacteria;p__Proteobacteria;c__Alphaproteobacteria;o__Rhizobiales;f__Rhizobiaceae;g__Agrobacterium;s__Agrobacterium sp900473305","Bacteria","Proteobacteria","Alphaproteobacteria","Rhizobiales","Rhizobiaceae","Agrobacterium","Agrobacterium sp900473305",261.1188432,0,0,0,0,0,0,0,0,0,0,0,0,1,6,6,10,4,8,0,0,0,0,0,0,2,0,0,0,0,1,0,1,34,3,3,"Class C"
"109","S524C3374","d__Bacteria;p__Proteobacteria;c__Alphaproteobacteria;o__Rhizobiales;f__Rhizobiaceae;g__Agrobacterium;s__Agrobacterium sp900473305","Bacteria","Proteobacteria","Alphaproteobacteria","Rhizobiales","Rhizobiaceae","Agrobacterium","Agrobacterium sp900473305",35.0854136,0,0,0,0,0,0,0,0,0,0,0,0,1,2,5,12,5,11,0,0,0,0,0,0,1,0,0,0,0,1,0,1,35,2,3,"Class C"
