"Study","Sample","Database","Instrument","SRA","Country","latitude","longitude","Plant","Agricultural"
"Andrea2020","Andrea2020s001","ENA","Illumina HiSeq 2500","ERR2819880","Italy",45.543,9.215,"Cedrus deodara","Non-agricultural"
"Andrea2020","Andrea2020s002","ENA","Illumina HiSeq 2500","ERR2819881","Italy",45.543,9.215,"Cedrus deodara","Non-agricultural"
"Andrea2020","Andrea2020s003","ENA","Illumina HiSeq 2500","ERR2819882","Italy",45.543,9.215,"Cedrus deodara","Non-agricultural"
"Andrea2020","Andrea2020s004","ENA","Illumina HiSeq 2500","ERR2819885","Italy",45.543,9.215,"Magnolia grandiflora","Non-agricultural"
"Andrea2020","Andrea2020s005","ENA","Illumina HiSeq 2500","ERR2819886","Italy",45.543,9.215,"Magnolia grandiflora","Non-agricultural"
"Andrea2020","Andrea2020s006","ENA","Illumina HiSeq 2500","ERR2819887","Italy",45.543,9.215,"Magnolia grandiflora","Non-agricultural"
"Andrea2020","Andrea2020s007","ENA","Illumina HiSeq 2500","ERR2819888","Italy",45.543,9.215,"Cedrus deodara","Non-agricultural"
"Andrea2020","Andrea2020s008","ENA","Illumina HiSeq 2500","ERR2819889","Italy",45.543,9.215,"Cedrus deodara","Non-agricultural"
"Andrea2020","Andrea2020s009","ENA","Illumina HiSeq 2500","ERR2819891","Italy",45.543,9.215,"Cedrus deodara","Non-agricultural"
"Andrea2020","Andrea2020s010","ENA","Illumina HiSeq 2500","ERR2819892","Italy",45.543,9.215,"Magnolia grandiflora","Non-agricultural"
"Andrea2020","Andrea2020s011","ENA","Illumina HiSeq 2500","ERR2819894","Italy",45.543,9.215,"Magnolia grandiflora","Non-agricultural"
"Andrea2020","Andrea2020s012","ENA","Illumina HiSeq 2500","ERR2819895","Italy",45.543,9.215,"Magnolia grandiflora","Non-agricultural"
"Barbara2020","Barbara2020s001","NCBI","Illumina HiSeq 2000","SRR2924445","USA",34.184,-101.9436,"Zea mays","Agricultural"
"Barbara2020","Barbara2020s002","NCBI","Illumina HiSeq 2000","SRR2924446","USA",35.999,-101.9886,"Zea mays","Agricultural"
"Brown2020","Brown2020s001","NCBI","Illumina NovaSeq 6000","SRR13699269","France",43.147417,3.0008,"Medicago truncatula","Agricultural"
"Brown2020","Brown2020s002","NCBI","Illumina NovaSeq 6000","SRR13699277","France",43.147417,3.0008,"Medicago truncatula","Agricultural"
"Brown2020","Brown2020s003","NCBI","Illumina NovaSeq 6000","SRR13699274","France",43.147417,3.0008,"Medicago truncatula","Agricultural"
"Brown2020","Brown2020s004","NCBI","Illumina NovaSeq 6000","SRR13699280","France",43.147417,3.0008,"Medicago truncatula","Agricultural"
"Eric2020","Eric2020s001","NCBI","Illumina HiSeq 4000","SRR10527383","USA",32.3853,-85.6936,"Solanum lycopersicum","Agricultural"
"Eric2020","Eric2020s002","NCBI","Illumina HiSeq 4000","SRR10527384","USA",32.3853,-85.6936,"Solanum lycopersicum","Agricultural"
"Eric2020","Eric2020s003","NCBI","Illumina HiSeq 4000","SRR10527386","USA",32.6014,-85.3536,"Solanum lycopersicum","Agricultural"
"Eric2020","Eric2020s004","NCBI","Illumina HiSeq 4000","SRR10527387","USA",32.6014,-85.3536,"Capsicum annuum","Agricultural"
"Eric2020","Eric2020s005","NCBI","Illumina HiSeq 4000","SRR10527388","USA",32.6014,-85.3536,"Capsicum annuum","Agricultural"
"Eric2020","Eric2020s006","NCBI","Illumina HiSeq 4000","SRR10527389","USA",33.2065,-87.5346,"Capsicum annuum","Agricultural"
"Eric2020","Eric2020s007","NCBI","Illumina HiSeq 4000","SRR10527390","USA",33.2065,-87.5346,"Solanum lycopersicum","Agricultural"
"Eric2020","Eric2020s008","NCBI","Illumina HiSeq 4000","SRR10527391","USA",34.4572,-85.8067,"Solanum lycopersicum","Agricultural"
"Eric2020","Eric2020s009","NCBI","Illumina HiSeq 4000","SRR10527392","USA",34.05,-86.03,"Solanum lycopersicum","Agricultural"
"Eric2020","Eric2020s010","NCBI","Illumina HiSeq 4000","SRR10527393","USA",30.733,-87.7203,"Solanum lycopersicum","Agricultural"
"Eric2020","Eric2020s011","NCBI","Illumina HiSeq 4000","SRR10527394","USA",32.3853,-85.6936,"Solanum lycopersicum","Agricultural"
"Eric2020","Eric2020s012","NCBI","Illumina HiSeq 4000","SRR10527395","USA",32.3853,-85.6936,"Capsicum annuum","Agricultural"
"Eric2020","Eric2020s013","NCBI","Illumina HiSeq 4000","SRR10527396","USA",33.20654,-87.5346,"Solanum lycopersicum","Agricultural"
"Eric2020","Eric2020s014","NCBI","Illumina HiSeq 4000","SRR10527397","USA",33.20654,-87.5346,"Solanum lycopersicum","Agricultural"
"Finkel2016","Finkel2016s001","NCBI","Illumina HiSeq 1000","SRR3100155","Israel",29.5814,34.9652,"Tamarix aphylla","Non-agricultural"
"Finkel2016","Finkel2016s002","NCBI","Illumina HiSeq 1000","SRR3100153","Israel",30.8711,34.7846,"Tamarix aphylla","Non-agricultural"
"Finkel2016","Finkel2016s003","NCBI","Illumina HiSeq 1000","SRR3100149","Israel",31.843883,35.5133,"Tamarix aphylla","Non-agricultural"
"Finkel2016","Finkel2016s004","NCBI","Illumina HiSeq 1000","SRR3100152","Israel",30.871124,34.7846,"Tamarix aphylla","Non-agricultural"
"Finkel2016","Finkel2016s005","NCBI","Illumina HiSeq 1000","SRR3100147","Israel",32.561428,34.9097,"Tamarix aphylla","Non-agricultural"
"Finkel2016","Finkel2016s006","NCBI","Illumina HiSeq 1000","SRR3100151","Israel",30.942444,35.3671,"Tamarix aphylla","Non-agricultural"
"Finkel2016","Finkel2016s007","NCBI","Illumina HiSeq 1000","SRR3100146","Israel",32.561428,34.9097,"Tamarix aphylla","Non-agricultural"
"Finkel2016","Finkel2016s008","NCBI","Illumina HiSeq 1000","SRR3100154","Israel",29.5814,34.9652,"Tamarix aphylla","Non-agricultural"
"Finkel2016","Finkel2016s009","NCBI","Illumina HiSeq 1000","SRR3100148","Israel",31.843883,35.5133,"Tamarix aphylla","Non-agricultural"
"Finkel2016","Finkel2016s010","NCBI","Illumina HiSeq 1000","SRR3100150","Israel",30.942444,35.367059,"Tamarix aphylla","Non-agricultural"
"Guron2019","Guron2019s001","NCBI","Illumina HiSeq 2500","SRR7414902","USA",37.2196,-80.4232,"Lactuca sativa","Agricultural"
"Guron2019","Guron2019s002","NCBI","Illumina HiSeq 2500","SRR7414903","USA",37.2196,-80.4232,"Lactuca sativa","Agricultural"
"Guron2019","Guron2019s003","NCBI","Illumina HiSeq 2500","SRR7414904","USA",37.2196,-80.4232,"Lactuca sativa","Agricultural"
"Guron2019","Guron2019s004","NCBI","Illumina HiSeq 2500","SRR7414909","USA",37.2196,-80.4232,"Lactuca sativa","Agricultural"
"Guron2019","Guron2019s005","NCBI","Illumina HiSeq 2500","SRR7414910","USA",37.2196,-80.4232,"Lactuca sativa","Agricultural"
"Guron2019","Guron2019s006","NCBI","Illumina HiSeq 2500","SRR7414911","USA",37.2196,-80.4232,"Lactuca sativa","Agricultural"
"Guron2019","Guron2019s007","NCBI","Illumina HiSeq 2500","SRR7414913","USA",37.2196,-80.4232,"Lactuca sativa","Agricultural"
"Guron2019","Guron2019s008","NCBI","Illumina HiSeq 2500","SRR7414914","USA",37.2196,-80.4232,"Lactuca sativa","Agricultural"
"Guron2019","Guron2019s009","NCBI","Illumina HiSeq 2500","SRR7414915","USA",37.2196,-80.4232,"Lactuca sativa","Agricultural"
"Guron2019","Guron2019s010","NCBI","Illumina HiSeq 2500","SRR7414916","USA",37.2196,-80.4232,"Lactuca sativa","Agricultural"
"Guron2019","Guron2019s011","NCBI","Illumina HiSeq 2500","SRR7414917","USA",37.2196,-80.4232,"Lactuca sativa","Agricultural"
"Guron2019","Guron2019s012","NCBI","Illumina HiSeq 2500","SRR7414918","USA",37.2196,-80.4232,"Lactuca sativa","Agricultural"
"Guron2019","Guron2019s013","NCBI","Illumina HiSeq 2500","SRR7414919","USA",37.2196,-80.4232,"Lactuca sativa","Agricultural"
"Guron2019","Guron2019s014","NCBI","Illumina HiSeq 2500","SRR7414920","USA",37.2196,-80.4232,"Lactuca sativa","Agricultural"
"Guron2019","Guron2019s015","NCBI","Illumina HiSeq 2500","SRR7414921","USA",37.2196,-80.4232,"Lactuca sativa","Agricultural"
"Guron2019","Guron2019s016","NCBI","Illumina HiSeq 2500","SRR7414922","USA",37.2196,-80.4232,"Lactuca sativa","Agricultural"
"Guron2019","Guron2019s017","NCBI","Illumina HiSeq 2500","SRR7414923","USA",37.2196,-80.4232,"Lactuca sativa","Agricultural"
"Guron2019","Guron2019s018","NCBI","Illumina HiSeq 2500","SRR7414924","USA",37.2196,-80.4232,"Lactuca sativa","Agricultural"
"Guron2019","Guron2019s019","NCBI","Illumina HiSeq 2500","SRR7414927","USA",37.2196,-80.4232,"Lactuca sativa","Agricultural"
"Guron2019","Guron2019s020","NCBI","Illumina HiSeq 2500","SRR7414928","USA",37.2196,-80.4232,"Lactuca sativa","Agricultural"
"Guron2019","Guron2019s021","NCBI","Illumina HiSeq 2500","SRR7414929","USA",37.2196,-80.4232,"Lactuca sativa","Agricultural"
"Guron2019","Guron2019s022","NCBI","Illumina HiSeq 2500","SRR7414938","USA",37.2196,-80.4232,"Lactuca sativa","Agricultural"
"Guron2019","Guron2019s023","NCBI","Illumina HiSeq 2500","SRR7414939","USA",37.2196,-80.4232,"Lactuca sativa","Agricultural"
"Guron2019","Guron2019s024","NCBI","Illumina HiSeq 2500","SRR7414940","USA",37.2196,-80.4232,"Lactuca sativa","Agricultural"
"Guron2019","Guron2019s025","NCBI","Illumina HiSeq 2500","SRR7414941","USA",37.2196,-80.4232,"Lactuca sativa","Agricultural"
"Hongye2022","Hongye2022s001","NCBI","Illumina NovaSeq 6000","SRR12131104","China",28.64,121.17,"Citrus reticulata","Agricultural"
"Hongye2022","Hongye2022s002","NCBI","Illumina NovaSeq 6000","SRR12131125","China",28.64,121.17,"Citrus reticulata","Agricultural"
"Hongye2022","Hongye2022s003","NCBI","Illumina NovaSeq 6000","SRR12131136","China",28.64,121.17,"Citrus reticulata","Agricultural"
"Hongye2022","Hongye2022s004","NCBI","Illumina NovaSeq 6000","SRR12131147","China",28.64,121.17,"Citrus reticulata","Agricultural"
"Hongye2022","Hongye2022s005","NCBI","Illumina NovaSeq 6000","SRR12131153","China",28.64,121.17,"Citrus reticulata","Agricultural"
"Hongye2022","Hongye2022s006","NCBI","Illumina NovaSeq 6000","SRR12131164","China",28.64,121.17,"Citrus reticulata","Agricultural"
"Hongye2022","Hongye2022s007","NCBI","Illumina NovaSeq 6000","SRR12131175","China",28.64,121.17,"Citrus reticulata","Agricultural"
"Hongye2022","Hongye2022s008","NCBI","Illumina NovaSeq 6000","SRR12131186","China",28.64,121.17,"Citrus reticulata","Agricultural"
"Hongye2022","Hongye2022s009","NCBI","Illumina NovaSeq 6000","SRR12131187","China",28.64,121.17,"Citrus reticulata","Agricultural"
"Juejie2021","Juejie2021s001","NCBI","Illumina MiSeq PE300","SRR15851170","China",28.8506,102.1758,"Arundinaria spanostachya","Non-agricultural"
"Juejie2021","Juejie2021s002","NCBI","Illumina MiSeq PE300","SRR15851167","China",28.8506,102.1758,"Arundinaria spanostachya","Non-agricultural"
"Juejie2021","Juejie2021s003","NCBI","Illumina MiSeq PE300","SRR15851169","China",28.8506,102.1758,"Arundinaria spanostachya","Non-agricultural"
"Juejie2021","Juejie2021s004","NCBI","Illumina MiSeq PE300","SRR15851165","China",28.8506,102.1758,"Arundinaria spanostachya","Non-agricultural"
"Juejie2021","Juejie2021s005","NCBI","Illumina MiSeq PE300","SRR15851163","China",28.8506,102.1758,"Arundinaria spanostachya","Non-agricultural"
"Juejie2021","Juejie2021s006","NCBI","Illumina MiSeq PE300","SRR15851168","China",28.8506,102.1758,"Arundinaria spanostachya","Non-agricultural"
"Juejie2021","Juejie2021s007","NCBI","Illumina MiSeq PE300","SRR15851164","China",28.8506,102.1758,"Arundinaria spanostachya","Non-agricultural"
"Juejie2021","Juejie2021s008","NCBI","Illumina MiSeq PE300","SRR15851166","China",28.8506,102.1758,"Arundinaria spanostachya","Non-agricultural"
"Julian2020","Julian2020s001","ENA","Illumina HiSeq 3000","ERR3192239","Germany",48.576139,9.1821,"Arabidopsis thaliana","Non-agricultural"
"Julian2020","Julian2020s002","ENA","Illumina HiSeq 3000","ERR3192240","Germany",48.576139,9.1821,"Arabidopsis thaliana","Non-agricultural"
"Julian2020","Julian2020s003","ENA","Illumina HiSeq 3000","ERR3192233","Germany",48.576139,9.1821,"Arabidopsis thaliana","Non-agricultural"
"Julian2020","Julian2020s004","ENA","Illumina HiSeq 3000","ERR3192235","Germany",48.576139,9.1821,"Arabidopsis thaliana","Non-agricultural"
"Julian2020","Julian2020s005","ENA","Illumina HiSeq 3000","ERR3192237","Germany",48.576139,9.1821,"Arabidopsis thaliana","Non-agricultural"
"Julian2020","Julian2020s006","ENA","Illumina HiSeq 3000","ERR3192206","Germany",48.576139,9.1821,"Arabidopsis thaliana","Non-agricultural"
"Julian2020","Julian2020s007","ENA","Illumina HiSeq 3000","ERR3192241","Germany",48.576139,9.1821,"Arabidopsis thaliana","Non-agricultural"
"Julian2020","Julian2020s008","ENA","Illumina HiSeq 3000","ERR3192214","Germany",48.576139,9.1821,"Arabidopsis thaliana","Non-agricultural"
"Julian2020","Julian2020s009","ENA","Illumina HiSeq 3000","ERR3192238","Germany",48.576139,9.1821,"Arabidopsis thaliana","Non-agricultural"
"Julian2020","Julian2020s010","ENA","Illumina HiSeq 3000","ERR3192222","Germany",48.576139,9.1821,"Arabidopsis thaliana","Non-agricultural"
"Julian2020","Julian2020s011","ENA","Illumina HiSeq 3000","ERR3192230","Germany",48.576139,9.1821,"Arabidopsis thaliana","Non-agricultural"
"Julian2020","Julian2020s012","ENA","Illumina HiSeq 3000","ERR3192205","Germany",48.576139,9.1821,"Arabidopsis thaliana","Non-agricultural"
"Julian2020","Julian2020s013","ENA","Illumina HiSeq 3000","ERR3192236","Germany",48.576139,9.1821,"Arabidopsis thaliana","Non-agricultural"
"Julian2020","Julian2020s014","ENA","Illumina HiSeq 3000","ERR3192221","Germany",48.576139,9.1821,"Arabidopsis thaliana","Non-agricultural"
"Julian2020","Julian2020s015","ENA","Illumina HiSeq 3000","ERR3192213","Germany",48.576139,9.1821,"Arabidopsis thaliana","Non-agricultural"
"Julian2020","Julian2020s016","ENA","Illumina HiSeq 3000","ERR3192234","Germany",48.576139,9.1821,"Arabidopsis thaliana","Non-agricultural"
"Julian2020","Julian2020s017","ENA","Illumina HiSeq 3000","ERR3192229","Germany",48.576139,9.1821,"Arabidopsis thaliana","Non-agricultural"
"Julian2020","Julian2020s018","ENA","Illumina HiSeq 3000","ERR3192209","Germany",48.576139,9.1821,"Arabidopsis thaliana","Non-agricultural"
"Julian2020","Julian2020s019","ENA","Illumina HiSeq 3000","ERR3192202","Germany",48.576139,9.1821,"Arabidopsis thaliana","Non-agricultural"
"Julian2020","Julian2020s020","ENA","Illumina HiSeq 3000","ERR3192218","Germany",48.576139,9.1821,"Arabidopsis thaliana","Non-agricultural"
"Julian2020","Julian2020s021","ENA","Illumina HiSeq 3000","ERR3192215","Germany",48.576139,9.1821,"Arabidopsis thaliana","Non-agricultural"
"Julian2020","Julian2020s022","ENA","Illumina HiSeq 3000","ERR3192210","Germany",48.576139,9.1821,"Arabidopsis thaliana","Non-agricultural"
"Julian2020","Julian2020s023","ENA","Illumina HiSeq 3000","ERR3192225","Germany",48.576139,9.1821,"Arabidopsis thaliana","Non-agricultural"
"Julian2020","Julian2020s024","ENA","Illumina HiSeq 3000","ERR3192231","Germany",48.576139,9.1821,"Arabidopsis thaliana","Non-agricultural"
"Julian2020","Julian2020s025","ENA","Illumina HiSeq 3000","ERR3192204","Germany",48.576139,9.1821,"Arabidopsis thaliana","Non-agricultural"
"Julian2020","Julian2020s026","ENA","Illumina HiSeq 3000","ERR3192226","Germany",48.576139,9.1821,"Arabidopsis thaliana","Non-agricultural"
"Julian2020","Julian2020s027","ENA","Illumina HiSeq 3000","ERR3192220","Germany",48.576139,9.1821,"Arabidopsis thaliana","Non-agricultural"
"Julian2020","Julian2020s028","ENA","Illumina HiSeq 3000","ERR3192201","Germany",48.576139,9.1821,"Arabidopsis thaliana","Non-agricultural"
"Julian2020","Julian2020s029","ENA","Illumina HiSeq 3000","ERR3192211","Germany",48.576139,9.1821,"Arabidopsis thaliana","Non-agricultural"
"Julian2020","Julian2020s030","ENA","Illumina HiSeq 3000","ERR3192035","Germany",48.576139,9.1821,"Arabidopsis thaliana","Non-agricultural"
"Julian2020","Julian2020s031","ENA","Illumina HiSeq 3000","ERR3192131","Germany",48.576139,9.1821,"Arabidopsis thaliana","Non-agricultural"
"Julian2020","Julian2020s032","ENA","Illumina HiSeq 3000","ERR3192217","Germany",48.576139,9.1821,"Arabidopsis thaliana","Non-agricultural"
"Julian2020","Julian2020s033","ENA","Illumina HiSeq 3000","ERR3192227","Germany",48.576139,9.1821,"Arabidopsis thaliana","Non-agricultural"
"Julian2020","Julian2020s034","ENA","Illumina HiSeq 3000","ERR3192208","Germany",48.576139,9.1821,"Arabidopsis thaliana","Non-agricultural"
"Julian2020","Julian2020s035","ENA","Illumina HiSeq 3000","ERR3192216","Germany",48.576139,9.1821,"Arabidopsis thaliana","Non-agricultural"
"Julian2020","Julian2020s036","ENA","Illumina HiSeq 3000","ERR3192224","Germany",48.576139,9.1821,"Arabidopsis thaliana","Non-agricultural"
"Julian2020","Julian2020s037","ENA","Illumina HiSeq 3000","ERR3192232","Germany",48.576139,9.1821,"Arabidopsis thaliana","Non-agricultural"
"Julian2020","Julian2020s038","ENA","Illumina HiSeq 3000","ERR3192094","Germany",48.576139,9.1821,"Arabidopsis thaliana","Non-agricultural"
"Julian2020","Julian2020s039","ENA","Illumina HiSeq 3000","ERR3192203","Germany",48.576139,9.1821,"Arabidopsis thaliana","Non-agricultural"
"Julian2020","Julian2020s040","ENA","Illumina HiSeq 3000","ERR3192212","Germany",48.576139,9.1821,"Arabidopsis thaliana","Non-agricultural"
"Julian2020","Julian2020s041","ENA","Illumina HiSeq 3000","ERR3192219","Germany",48.576139,9.1821,"Arabidopsis thaliana","Non-agricultural"
"Julian2020","Julian2020s042","ENA","Illumina HiSeq 3000","ERR3192228","Germany",48.576139,9.1821,"Arabidopsis thaliana","Non-agricultural"
"Julian2020","Julian2020s043","ENA","Illumina HiSeq 3000","ERR3192207","Germany",48.576139,9.1821,"Arabidopsis thaliana","Non-agricultural"
"Julian2020","Julian2020s044","ENA","Illumina HiSeq 3000","ERR3192223","Germany",48.576139,9.1821,"Arabidopsis thaliana","Non-agricultural"
"Julian2020","Julian2020s045","ENA","Illumina HiSeq 3000","ERR3192199","Germany",48.576139,9.1821,"Arabidopsis thaliana","Non-agricultural"
"Julian2020","Julian2020s046","ENA","Illumina HiSeq 3000","ERR3192152","Germany",48.576139,9.1821,"Arabidopsis thaliana","Non-agricultural"
"Julian2020","Julian2020s047","ENA","Illumina HiSeq 3000","ERR3192091","Germany",48.576139,9.1821,"Arabidopsis thaliana","Non-agricultural"
"Julian2020","Julian2020s048","ENA","Illumina HiSeq 3000","ERR3192070","Germany",48.576139,9.1821,"Arabidopsis thaliana","Non-agricultural"
"Julian2020","Julian2020s049","ENA","Illumina HiSeq 3000","ERR3192076","Germany",48.576139,9.1821,"Arabidopsis thaliana","Non-agricultural"
"Julian2020","Julian2020s050","ENA","Illumina HiSeq 3000","ERR3192019","Germany",48.576139,9.1821,"Arabidopsis thaliana","Non-agricultural"
"Julian2020","Julian2020s051","ENA","Illumina HiSeq 3000","ERR3192096","Germany",48.576139,9.1821,"Arabidopsis thaliana","Non-agricultural"
"Julian2020","Julian2020s052","ENA","Illumina HiSeq 3000","ERR3192043","Germany",48.576139,9.1821,"Arabidopsis thaliana","Non-agricultural"
"Julian2020","Julian2020s053","ENA","Illumina HiSeq 3000","ERR3192132","Germany",48.576139,9.1821,"Arabidopsis thaliana","Non-agricultural"
"Julian2020","Julian2020s054","ENA","Illumina HiSeq 3000","ERR3192047","Germany",48.576139,9.1821,"Arabidopsis thaliana","Non-agricultural"
"Julian2020","Julian2020s055","ENA","Illumina HiSeq 3000","ERR3192100","Germany",48.576139,9.1821,"Arabidopsis thaliana","Non-agricultural"
"Julian2020","Julian2020s056","ENA","Illumina HiSeq 3000","ERR3192036","Germany",48.576139,9.1821,"Arabidopsis thaliana","Non-agricultural"
"Julian2020","Julian2020s057","ENA","Illumina HiSeq 3000","ERR3192116","Germany",48.576139,9.1821,"Arabidopsis thaliana","Non-agricultural"
"Julian2020","Julian2020s058","ENA","Illumina HiSeq 3000","ERR3192165","Germany",48.576139,9.1821,"Arabidopsis thaliana","Non-agricultural"
"Julian2020","Julian2020s059","ENA","Illumina HiSeq 3000","ERR3192090","Germany",48.576139,9.1821,"Arabidopsis thaliana","Non-agricultural"
"Julian2020","Julian2020s060","ENA","Illumina HiSeq 3000","ERR3192143","Germany",48.576139,9.1821,"Arabidopsis thaliana","Non-agricultural"
"Julian2020","Julian2020s061","ENA","Illumina HiSeq 3000","ERR3192048","Germany",48.576139,9.1821,"Arabidopsis thaliana","Non-agricultural"
"Julian2020","Julian2020s062","ENA","Illumina HiSeq 3000","ERR3192067","Germany",48.576139,9.1821,"Arabidopsis thaliana","Non-agricultural"
"Julian2020","Julian2020s063","ENA","Illumina HiSeq 3000","ERR3192135","Germany",48.576139,9.1821,"Arabidopsis thaliana","Non-agricultural"
"Julian2020","Julian2020s064","ENA","Illumina HiSeq 3000","ERR3192141","Germany",48.576139,9.1821,"Arabidopsis thaliana","Non-agricultural"
"Julian2020","Julian2020s065","ENA","Illumina HiSeq 3000","ERR3192178","Germany",48.576139,9.1821,"Arabidopsis thaliana","Non-agricultural"
"Julian2020","Julian2020s066","ENA","Illumina HiSeq 3000","ERR3192180","Germany",48.576139,9.1821,"Arabidopsis thaliana","Non-agricultural"
"Julian2020","Julian2020s067","ENA","Illumina HiSeq 3000","ERR3192071","Germany",48.576139,9.1821,"Arabidopsis thaliana","Non-agricultural"
"Julian2020","Julian2020s068","ENA","Illumina HiSeq 3000","ERR3192115","Germany",48.576139,9.1821,"Arabidopsis thaliana","Non-agricultural"
"Julian2020","Julian2020s069","ENA","Illumina HiSeq 3000","ERR3192174","Germany",48.576139,9.1821,"Arabidopsis thaliana","Non-agricultural"
"Julian2020","Julian2020s070","ENA","Illumina HiSeq 3000","ERR3192172","Germany",48.576139,9.1821,"Arabidopsis thaliana","Non-agricultural"
"Julian2020","Julian2020s071","ENA","Illumina HiSeq 3000","ERR3192162","Germany",48.576139,9.1821,"Arabidopsis thaliana","Non-agricultural"
"Julian2020","Julian2020s072","ENA","Illumina HiSeq 3000","ERR3192108","Germany",48.576139,9.1821,"Arabidopsis thaliana","Non-agricultural"
"Julian2020","Julian2020s073","ENA","Illumina HiSeq 3000","ERR3192037","Germany",48.576139,9.1821,"Arabidopsis thaliana","Non-agricultural"
"Julian2020","Julian2020s074","ENA","Illumina HiSeq 3000","ERR3191015","Germany",48.576139,9.1821,"Arabidopsis thaliana","Non-agricultural"
"Julian2020","Julian2020s075","ENA","Illumina HiSeq 3000","ERR3191207","Germany",48.576139,9.1821,"Arabidopsis thaliana","Non-agricultural"
"Julian2020","Julian2020s076","ENA","Illumina HiSeq 3000","ERR3192021","Germany",48.576139,9.1821,"Arabidopsis thaliana","Non-agricultural"
"Julian2020","Julian2020s077","ENA","Illumina HiSeq 3000","ERR3191569","Germany",48.576139,9.1821,"Arabidopsis thaliana","Non-agricultural"
"Julian2020","Julian2020s078","ENA","Illumina HiSeq 3000","ERR3191570","Germany",48.576139,9.1821,"Arabidopsis thaliana","Non-agricultural"
"Julian2020","Julian2020s079","ENA","Illumina HiSeq 3000","ERR3192110","Germany",48.576139,9.1821,"Arabidopsis thaliana","Non-agricultural"
"Julian2020","Julian2020s080","ENA","Illumina HiSeq 3000","ERR3192051","Germany",48.576139,9.1821,"Arabidopsis thaliana","Non-agricultural"
"Julian2020","Julian2020s081","ENA","Illumina HiSeq 3000","ERR3191023","Germany",48.576139,9.1821,"Arabidopsis thaliana","Non-agricultural"
"Julian2020","Julian2020s082","ENA","Illumina HiSeq 3000","ERR3190995","Germany",48.576139,9.1821,"Arabidopsis thaliana","Non-agricultural"
"Julian2020","Julian2020s083","ENA","Illumina HiSeq 3000","ERR3191788","Germany",48.576139,9.1821,"Arabidopsis thaliana","Non-agricultural"
"Julian2020","Julian2020s084","ENA","Illumina HiSeq 3000","ERR3191216","Germany",48.576139,9.1821,"Arabidopsis thaliana","Non-agricultural"
"Julian2020","Julian2020s085","ENA","Illumina HiSeq 3000","ERR3192169","Germany",48.576139,9.1821,"Arabidopsis thaliana","Non-agricultural"
"Julian2020","Julian2020s086","ENA","Illumina HiSeq 3000","ERR3191431","Germany",48.576139,9.1821,"Arabidopsis thaliana","Non-agricultural"
"Julian2020","Julian2020s087","ENA","Illumina HiSeq 3000","ERR3191982","Germany",48.576139,9.1821,"Arabidopsis thaliana","Non-agricultural"
"Julian2020","Julian2020s088","ENA","Illumina HiSeq 3000","ERR3191432","Germany",48.576139,9.1821,"Arabidopsis thaliana","Non-agricultural"
"Julian2020","Julian2020s089","ENA","Illumina HiSeq 3000","ERR3191587","Germany",48.576139,9.1821,"Arabidopsis thaliana","Non-agricultural"
"Julian2020","Julian2020s090","ENA","Illumina HiSeq 3000","ERR3192114","Germany",48.576139,9.1821,"Arabidopsis thaliana","Non-agricultural"
"Julian2020","Julian2020s091","ENA","Illumina HiSeq 3000","ERR3191138","Germany",48.576139,9.1821,"Arabidopsis thaliana","Non-agricultural"
"Julian2020","Julian2020s092","ENA","Illumina HiSeq 3000","ERR3191588","Germany",48.576139,9.1821,"Arabidopsis thaliana","Non-agricultural"
"Julian2020","Julian2020s093","ENA","Illumina HiSeq 3000","ERR3190992","Germany",48.576139,9.1821,"Arabidopsis thaliana","Non-agricultural"
"Julian2020","Julian2020s094","ENA","Illumina HiSeq 3000","ERR3191190","Germany",48.576139,9.1821,"Arabidopsis thaliana","Non-agricultural"
"Julian2020","Julian2020s095","ENA","Illumina HiSeq 3000","ERR3190912","Germany",48.576139,9.1821,"Arabidopsis thaliana","Non-agricultural"
"Julian2020","Julian2020s096","ENA","Illumina HiSeq 3000","ERR3191797","Germany",48.576139,9.1821,"Arabidopsis thaliana","Non-agricultural"
"Julian2020","Julian2020s097","ENA","Illumina HiSeq 3000","ERR3190976","Germany",48.576139,9.1821,"Arabidopsis thaliana","Non-agricultural"
"Julian2020","Julian2020s098","ENA","Illumina HiSeq 3000","ERR3192061","Germany",48.576139,9.1821,"Arabidopsis thaliana","Non-agricultural"
"Julian2020","Julian2020s099","ENA","Illumina HiSeq 3000","ERR3191991","Germany",48.576139,9.1821,"Arabidopsis thaliana","Non-agricultural"
"Julian2020","Julian2020s100","ENA","Illumina HiSeq 3000","ERR3190979","Germany",48.576139,9.1821,"Arabidopsis thaliana","Non-agricultural"
"Julian2020","Julian2020s101","ENA","Illumina HiSeq 3000","ERR3191535","Germany",48.576139,9.1821,"Arabidopsis thaliana","Non-agricultural"
"Julian2020","Julian2020s102","ENA","Illumina HiSeq 3000","ERR3191536","Germany",48.576139,9.1821,"Arabidopsis thaliana","Non-agricultural"
"Julian2020","Julian2020s103","ENA","Illumina HiSeq 3000","ERR3190928","Germany",48.576139,9.1821,"Arabidopsis thaliana","Non-agricultural"
"Julian2020","Julian2020s104","ENA","Illumina HiSeq 3000","ERR3191720","Germany",48.576139,9.1821,"Arabidopsis thaliana","Non-agricultural"
"Julian2020","Julian2020s105","ENA","Illumina HiSeq 3000","ERR3191181","Germany",48.576139,9.1821,"Arabidopsis thaliana","Non-agricultural"
"Julian2020","Julian2020s106","ENA","Illumina HiSeq 3000","ERR3191415","Germany",48.576139,9.1821,"Arabidopsis thaliana","Non-agricultural"
"Julian2020","Julian2020s107","ENA","Illumina HiSeq 3000","ERR3192157","Germany",48.576139,9.1821,"Arabidopsis thaliana","Non-agricultural"
"Julian2020","Julian2020s108","ENA","Illumina HiSeq 3000","ERR3191416","Germany",48.576139,9.1821,"Arabidopsis thaliana","Non-agricultural"
"Julian2020","Julian2020s109","ENA","Illumina HiSeq 3000","ERR3191130","Germany",48.576139,9.1821,"Arabidopsis thaliana","Non-agricultural"
"Julian2020","Julian2020s110","ENA","Illumina HiSeq 3000","ERR3191146","Germany",48.576139,9.1821,"Arabidopsis thaliana","Non-agricultural"
"Julian2020","Julian2020s111","ENA","Illumina HiSeq 3000","ERR3191913","Germany",48.576139,9.1821,"Arabidopsis thaliana","Non-agricultural"
"Julian2020","Julian2020s112","ENA","Illumina HiSeq 3000","ERR3191447","Germany",48.576139,9.1821,"Arabidopsis thaliana","Non-agricultural"
"Julian2020","Julian2020s113","ENA","Illumina HiSeq 3000","ERR3190991","Germany",48.576139,9.1821,"Arabidopsis thaliana","Non-agricultural"
"Julian2020","Julian2020s114","ENA","Illumina HiSeq 3000","ERR3191517","Germany",48.576139,9.1821,"Arabidopsis thaliana","Non-agricultural"
"Julian2020","Julian2020s115","ENA","Illumina HiSeq 3000","ERR3191448","Germany",48.576139,9.1821,"Arabidopsis thaliana","Non-agricultural"
"Julian2020","Julian2020s116","ENA","Illumina HiSeq 3000","ERR3191518","Germany",48.576139,9.1821,"Arabidopsis thaliana","Non-agricultural"
"Julian2020","Julian2020s117","ENA","Illumina HiSeq 3000","ERR3191771","Germany",48.576139,9.1821,"Arabidopsis thaliana","Non-agricultural"
"Julian2020","Julian2020s118","ENA","Illumina HiSeq 3000","ERR3190993","Germany",48.576139,9.1821,"Arabidopsis thaliana","Non-agricultural"
"Julian2020","Julian2020s119","ENA","Illumina HiSeq 3000","ERR3191031","Germany",48.576139,9.1821,"Arabidopsis thaliana","Non-agricultural"
"Julian2020","Julian2020s120","ENA","Illumina HiSeq 3000","ERR3190999","Germany",48.576139,9.1821,"Arabidopsis thaliana","Non-agricultural"
"Julian2020","Julian2020s121","ENA","Illumina HiSeq 3000","ERR3191427","Germany",48.576139,9.1821,"Arabidopsis thaliana","Non-agricultural"
"Julian2020","Julian2020s122","ENA","Illumina HiSeq 3000","ERR3191154","Germany",48.576139,9.1821,"Arabidopsis thaliana","Non-agricultural"
"Julian2020","Julian2020s123","ENA","Illumina HiSeq 3000","ERR3191428","Germany",48.576139,9.1821,"Arabidopsis thaliana","Non-agricultural"
"Julian2020","Julian2020s124","ENA","Illumina HiSeq 3000","ERR3191965","Germany",48.576139,9.1821,"Arabidopsis thaliana","Non-agricultural"
"Julian2020","Julian2020s125","ENA","Illumina HiSeq 3000","ERR3191136","Germany",48.576139,9.1821,"Arabidopsis thaliana","Non-agricultural"
"Julian2020","Julian2020s126","ENA","Illumina HiSeq 3000","ERR3191921","Germany",48.576139,9.1821,"Arabidopsis thaliana","Non-agricultural"
"Julian2020","Julian2020s127","ENA","Illumina HiSeq 3000","ERR3190997","Germany",48.576139,9.1821,"Arabidopsis thaliana","Non-agricultural"
"Julian2020","Julian2020s128","ENA","Illumina HiSeq 3000","ERR3190951","Germany",48.576139,9.1821,"Arabidopsis thaliana","Non-agricultural"
"Julian2020","Julian2020s129","ENA","Illumina HiSeq 3000","ERR3191429","Germany",48.576139,9.1821,"Arabidopsis thaliana","Non-agricultural"
"Julian2020","Julian2020s130","ENA","Illumina HiSeq 3000","ERR3191137","Germany",48.576139,9.1821,"Arabidopsis thaliana","Non-agricultural"
"Julian2020","Julian2020s131","ENA","Illumina HiSeq 3000","ERR3191430","Germany",48.576139,9.1821,"Arabidopsis thaliana","Non-agricultural"
"Julian2020","Julian2020s132","ENA","Illumina HiSeq 3000","ERR3191463","Germany",48.576139,9.1821,"Arabidopsis thaliana","Non-agricultural"
"Julian2020","Julian2020s133","ENA","Illumina HiSeq 3000","ERR3191435","Germany",48.576139,9.1821,"Arabidopsis thaliana","Non-agricultural"
"Julian2020","Julian2020s134","ENA","Illumina HiSeq 3000","ERR3190963","Germany",48.576139,9.1821,"Arabidopsis thaliana","Non-agricultural"
"Julian2020","Julian2020s135","ENA","Illumina HiSeq 3000","ERR3191141","Germany",48.576139,9.1821,"Arabidopsis thaliana","Non-agricultural"
"Julian2020","Julian2020s136","ENA","Illumina HiSeq 3000","ERR3191436","Germany",48.576139,9.1821,"Arabidopsis thaliana","Non-agricultural"
"Julian2020","Julian2020s137","ENA","Illumina HiSeq 3000","ERR3191727","Germany",48.576139,9.1821,"Arabidopsis thaliana","Non-agricultural"
"Julian2020","Julian2020s138","ENA","Illumina HiSeq 3000","ERR3191437","Germany",48.576139,9.1821,"Arabidopsis thaliana","Non-agricultural"
"Julian2020","Julian2020s139","ENA","Illumina HiSeq 3000","ERR3191464","Germany",48.576139,9.1821,"Arabidopsis thaliana","Non-agricultural"
"Julian2020","Julian2020s140","ENA","Illumina HiSeq 3000","ERR3191438","Germany",48.576139,9.1821,"Arabidopsis thaliana","Non-agricultural"
"Julian2020","Julian2020s141","ENA","Illumina HiSeq 3000","ERR3191225","Germany",48.576139,9.1821,"Arabidopsis thaliana","Non-agricultural"
"Julian2020","Julian2020s142","ENA","Illumina HiSeq 3000","ERR3190910","Germany",48.576139,9.1821,"Arabidopsis thaliana","Non-agricultural"
"Julian2020","Julian2020s143","ENA","Illumina HiSeq 3000","ERR3191762","Germany",48.576139,9.1821,"Arabidopsis thaliana","Non-agricultural"
"Julian2020","Julian2020s144","ENA","Illumina HiSeq 3000","ERR3191140","Germany",48.576139,9.1821,"Arabidopsis thaliana","Non-agricultural"
"Julian2020","Julian2020s145","ENA","Illumina HiSeq 3000","ERR3191114","Germany",48.576139,9.1821,"Arabidopsis thaliana","Non-agricultural"
"Julian2020","Julian2020s146","ENA","Illumina HiSeq 3000","ERR3191397","Germany",48.576139,9.1821,"Arabidopsis thaliana","Non-agricultural"
"Julian2020","Julian2020s147","ENA","Illumina HiSeq 3000","ERR3191398","Germany",48.576139,9.1821,"Arabidopsis thaliana","Non-agricultural"
"Julian2020","Julian2020s148","ENA","Illumina HiSeq 3000","ERR3191419","Germany",48.576139,9.1821,"Arabidopsis thaliana","Non-agricultural"
"Julian2020","Julian2020s149","ENA","Illumina HiSeq 3000","ERR3191498","Germany",48.576139,9.1821,"Arabidopsis thaliana","Non-agricultural"
"Julian2020","Julian2020s150","ENA","Illumina HiSeq 3000","ERR3191497","Germany",48.576139,9.1821,"Arabidopsis thaliana","Non-agricultural"
"Julian2020","Julian2020s151","ENA","Illumina HiSeq 3000","ERR3191606","Germany",48.576139,9.1821,"Arabidopsis thaliana","Non-agricultural"
"Julian2020","Julian2020s152","ENA","Illumina HiSeq 3000","ERR3191712","Germany",48.576139,9.1821,"Arabidopsis thaliana","Non-agricultural"
"Julian2020","Julian2020s153","ENA","Illumina HiSeq 3000","ERR3191433","Germany",48.576139,9.1821,"Arabidopsis thaliana","Non-agricultural"
"Julian2020","Julian2020s154","ENA","Illumina HiSeq 3000","ERR3191605","Germany",48.576139,9.1821,"Arabidopsis thaliana","Non-agricultural"
"Julian2020","Julian2020s155","ENA","Illumina HiSeq 3000","ERR3191121","Germany",48.576139,9.1821,"Arabidopsis thaliana","Non-agricultural"
"Julian2020","Julian2020s156","ENA","Illumina HiSeq 3000","ERR3191139","Germany",48.576139,9.1821,"Arabidopsis thaliana","Non-agricultural"
"Julian2020","Julian2020s157","ENA","Illumina HiSeq 3000","ERR3191383","Germany",48.576139,9.1821,"Arabidopsis thaliana","Non-agricultural"
"Julian2020","Julian2020s158","ENA","Illumina HiSeq 3000","ERR3191956","Germany",48.576139,9.1821,"Arabidopsis thaliana","Non-agricultural"
"Julian2020","Julian2020s159","ENA","Illumina HiSeq 3000","ERR3191434","Germany",48.576139,9.1821,"Arabidopsis thaliana","Non-agricultural"
"Julian2020","Julian2020s160","ENA","Illumina HiSeq 3000","ERR3191384","Germany",48.576139,9.1821,"Arabidopsis thaliana","Non-agricultural"
"Julian2020","Julian2020s161","ENA","Illumina HiSeq 3000","ERR3190896","Germany",48.576139,9.1821,"Arabidopsis thaliana","Non-agricultural"
"Julian2020","Julian2020s162","ENA","Illumina HiSeq 3000","ERR3190947","Germany",48.576139,9.1821,"Arabidopsis thaliana","Non-agricultural"
"Julian2020","Julian2020s163","ENA","Illumina HiSeq 3000","ERR3191718","Germany",48.576139,9.1821,"Arabidopsis thaliana","Non-agricultural"
"Julian2020","Julian2020s164","ENA","Illumina HiSeq 3000","ERR3191929","Germany",48.576139,9.1821,"Arabidopsis thaliana","Non-agricultural"
"Julian2020","Julian2020s165","ENA","Illumina HiSeq 3000","ERR3191735","Germany",48.576139,9.1821,"Arabidopsis thaliana","Non-agricultural"
"Julian2020","Julian2020s166","ENA","Illumina HiSeq 3000","ERR3191905","Germany",48.576139,9.1821,"Arabidopsis thaliana","Non-agricultural"
"Julian2020","Julian2020s167","ENA","Illumina HiSeq 3000","ERR3192023","Germany",48.576139,9.1821,"Arabidopsis thaliana","Non-agricultural"
"Julian2020","Julian2020s168","ENA","Illumina HiSeq 3000","ERR3190865","Germany",48.576139,9.1821,"Arabidopsis thaliana","Non-agricultural"
"Julian2020","Julian2020s169","ENA","Illumina HiSeq 3000","ERR3190942","Germany",48.576139,9.1821,"Arabidopsis thaliana","Non-agricultural"
"Julian2020","Julian2020s170","ENA","Illumina HiSeq 3000","ERR3190880","Germany",48.576139,9.1821,"Arabidopsis thaliana","Non-agricultural"
"Julian2020","Julian2020s171","ENA","Illumina HiSeq 3000","ERR3191479","Germany",48.576139,9.1821,"Arabidopsis thaliana","Non-agricultural"
"Julian2020","Julian2020s172","ENA","Illumina HiSeq 3000","ERR3191480","Germany",48.576139,9.1821,"Arabidopsis thaliana","Non-agricultural"
"Julian2020","Julian2020s173","ENA","Illumina HiSeq 3000","ERR3191112","Germany",48.576139,9.1821,"Arabidopsis thaliana","Non-agricultural"
"Julian2020","Julian2020s174","ENA","Illumina HiSeq 3000","ERR3191719","Germany",48.576139,9.1821,"Arabidopsis thaliana","Non-agricultural"
"Julian2020","Julian2020s175","ENA","Illumina HiSeq 3000","ERR3190983","Germany",48.576139,9.1821,"Arabidopsis thaliana","Non-agricultural"
"Julian2020","Julian2020s176","ENA","Illumina HiSeq 3000","ERR3191282","Germany",48.576139,9.1821,"Arabidopsis thaliana","Non-agricultural"
"Julian2020","Julian2020s177","ENA","Illumina HiSeq 3000","ERR3192093","Germany",48.576139,9.1821,"Arabidopsis thaliana","Non-agricultural"
"Julian2020","Julian2020s178","ENA","Illumina HiSeq 3000","ERR3191723","Germany",48.576139,9.1821,"Arabidopsis thaliana","Non-agricultural"
"Julian2020","Julian2020s179","ENA","Illumina HiSeq 3000","ERR3191379","Germany",48.576139,9.1821,"Arabidopsis thaliana","Non-agricultural"
"Julian2020","Julian2020s180","ENA","Illumina HiSeq 3000","ERR3191281","Germany",48.576139,9.1821,"Arabidopsis thaliana","Non-agricultural"
"Julian2020","Julian2020s181","ENA","Illumina HiSeq 3000","ERR3192118","Germany",48.576139,9.1821,"Arabidopsis thaliana","Non-agricultural"
"Julian2020","Julian2020s182","ENA","Illumina HiSeq 3000","ERR3191806","Germany",48.576139,9.1821,"Arabidopsis thaliana","Non-agricultural"
"Julian2020","Julian2020s183","ENA","Illumina HiSeq 3000","ERR3191722","Germany",48.576139,9.1821,"Arabidopsis thaliana","Non-agricultural"
"Julian2020","Julian2020s184","ENA","Illumina HiSeq 3000","ERR3190944","Germany",48.576139,9.1821,"Arabidopsis thaliana","Non-agricultural"
"Julian2020","Julian2020s185","ENA","Illumina HiSeq 3000","ERR3191911","Germany",48.576139,9.1821,"Arabidopsis thaliana","Non-agricultural"
"Julian2020","Julian2020s186","ENA","Illumina HiSeq 3000","ERR3191380","Germany",48.576139,9.1821,"Arabidopsis thaliana","Non-agricultural"
"Julian2020","Julian2020s187","ENA","Illumina HiSeq 3000","ERR3191721","Germany",48.576139,9.1821,"Arabidopsis thaliana","Non-agricultural"
"Julian2020","Julian2020s188","ENA","Illumina HiSeq 3000","ERR3191162","Germany",48.576139,9.1821,"Arabidopsis thaliana","Non-agricultural"
"Julian2020","Julian2020s189","ENA","Illumina HiSeq 3000","ERR3190958","Germany",48.576139,9.1821,"Arabidopsis thaliana","Non-agricultural"
"Julian2020","Julian2020s190","ENA","Illumina HiSeq 3000","ERR3192000","Germany",48.576139,9.1821,"Arabidopsis thaliana","Non-agricultural"
"Julian2020","Julian2020s191","ENA","Illumina HiSeq 3000","ERR3190854","Germany",48.576139,9.1821,"Arabidopsis thaliana","Non-agricultural"
"Julian2020","Julian2020s192","ENA","Illumina HiSeq 3000","ERR3191063","Germany",48.576139,9.1821,"Arabidopsis thaliana","Non-agricultural"
"Julian2020","Julian2020s193","ENA","Illumina HiSeq 3000","ERR3190989","Germany",48.576139,9.1821,"Arabidopsis thaliana","Non-agricultural"
"Julian2020","Julian2020s194","ENA","Illumina HiSeq 3000","ERR3191696","Germany",48.576139,9.1821,"Arabidopsis thaliana","Non-agricultural"
"Julian2020","Julian2020s195","ENA","Illumina HiSeq 3000","ERR3191132","Germany",48.576139,9.1821,"Arabidopsis thaliana","Non-agricultural"
"Julian2020","Julian2020s196","ENA","Illumina HiSeq 3000","ERR3191171","Germany",48.576139,9.1821,"Arabidopsis thaliana","Non-agricultural"
"Julian2020","Julian2020s197","ENA","Illumina HiSeq 3000","ERR3191916","Germany",48.576139,9.1821,"Arabidopsis thaliana","Non-agricultural"
"Julian2020","Julian2020s198","ENA","Illumina HiSeq 3000","ERR3191703","Germany",48.576139,9.1821,"Arabidopsis thaliana","Non-agricultural"
"Julian2020","Julian2020s199","ENA","Illumina HiSeq 3000","ERR3191912","Germany",48.576139,9.1821,"Arabidopsis thaliana","Non-agricultural"
"Julian2020","Julian2020s200","ENA","Illumina HiSeq 3000","ERR3191062","Germany",48.576139,9.1821,"Arabidopsis thaliana","Non-agricultural"
"Julian2020","Julian2020s201","ENA","Illumina HiSeq 3000","ERR3191420","Germany",48.576139,9.1821,"Arabidopsis thaliana","Non-agricultural"
"Julian2020","Julian2020s202","ENA","Illumina HiSeq 3000","ERR3191915","Germany",48.576139,9.1821,"Arabidopsis thaliana","Non-agricultural"
"Julian2020","Julian2020s203","ENA","Illumina HiSeq 3000","ERR3191914","Germany",48.576139,9.1821,"Arabidopsis thaliana","Non-agricultural"
"Julian2020","Julian2020s204","ENA","Illumina HiSeq 3000","ERR3190935","Germany",48.576139,9.1821,"Arabidopsis thaliana","Non-agricultural"
"Julian2020","Julian2020s205","ENA","Illumina HiSeq 3000","ERR3190981","Germany",48.576139,9.1821,"Arabidopsis thaliana","Non-agricultural"
"Julian2020","Julian2020s206","ENA","Illumina HiSeq 3000","ERR3191256","Germany",48.576139,9.1821,"Arabidopsis thaliana","Non-agricultural"
"Julian2020","Julian2020s207","ENA","Illumina HiSeq 3000","ERR3190985","Germany",48.576139,9.1821,"Arabidopsis thaliana","Non-agricultural"
"Julian2020","Julian2020s208","ENA","Illumina HiSeq 3000","ERR3191425","Germany",48.576139,9.1821,"Arabidopsis thaliana","Non-agricultural"
"Julian2020","Julian2020s209","ENA","Illumina HiSeq 3000","ERR3191490","Germany",48.576139,9.1821,"Arabidopsis thaliana","Non-agricultural"
"Julian2020","Julian2020s210","ENA","Illumina HiSeq 3000","ERR3191255","Germany",48.576139,9.1821,"Arabidopsis thaliana","Non-agricultural"
"Julian2020","Julian2020s211","ENA","Illumina HiSeq 3000","ERR3190864","Germany",48.576139,9.1821,"Arabidopsis thaliana","Non-agricultural"
"Julian2020","Julian2020s212","ENA","Illumina HiSeq 3000","ERR3191163","Germany",48.576139,9.1821,"Arabidopsis thaliana","Non-agricultural"
"Julian2020","Julian2020s213","ENA","Illumina HiSeq 3000","ERR3191489","Germany",48.576139,9.1821,"Arabidopsis thaliana","Non-agricultural"
"Julian2020","Julian2020s214","ENA","Illumina HiSeq 3000","ERR3191426","Germany",48.576139,9.1821,"Arabidopsis thaliana","Non-agricultural"
"Julian2020","Julian2020s215","ENA","Illumina HiSeq 3000","ERR3191167","Germany",48.576139,9.1821,"Arabidopsis thaliana","Non-agricultural"
"Julian2020","Julian2020s216","ENA","Illumina HiSeq 3000","ERR3191280","Germany",48.576139,9.1821,"Arabidopsis thaliana","Non-agricultural"
"Julian2020","Julian2020s217","ENA","Illumina HiSeq 3000","ERR3191135","Germany",48.576139,9.1821,"Arabidopsis thaliana","Non-agricultural"
"Julian2020","Julian2020s218","ENA","Illumina HiSeq 3000","ERR3191481","Germany",48.576139,9.1821,"Arabidopsis thaliana","Non-agricultural"
"Julian2020","Julian2020s219","ENA","Illumina HiSeq 3000","ERR3191105","Germany",48.576139,9.1821,"Arabidopsis thaliana","Non-agricultural"
"Julian2020","Julian2020s220","ENA","Illumina HiSeq 3000","ERR3190990","Germany",48.576139,9.1821,"Arabidopsis thaliana","Non-agricultural"
"Julian2020","Julian2020s221","ENA","Illumina HiSeq 3000","ERR3190941","Germany",48.576139,9.1821,"Arabidopsis thaliana","Non-agricultural"
"Julian2020","Julian2020s222","ENA","Illumina HiSeq 3000","ERR3191365","Germany",48.576139,9.1821,"Arabidopsis thaliana","Non-agricultural"
"Julian2020","Julian2020s223","ENA","Illumina HiSeq 3000","ERR3190957","Germany",48.576139,9.1821,"Arabidopsis thaliana","Non-agricultural"
"Julian2020","Julian2020s224","ENA","Illumina HiSeq 3000","ERR3190961","Germany",48.576139,9.1821,"Arabidopsis thaliana","Non-agricultural"
"Julian2020","Julian2020s225","ENA","Illumina HiSeq 3000","ERR3191050","Germany",48.576139,9.1821,"Arabidopsis thaliana","Non-agricultural"
"Julian2020","Julian2020s226","ENA","Illumina HiSeq 3000","ERR3190987","Germany",48.576139,9.1821,"Arabidopsis thaliana","Non-agricultural"
"Julian2020","Julian2020s227","ENA","Illumina HiSeq 3000","ERR3191279","Germany",48.576139,9.1821,"Arabidopsis thaliana","Non-agricultural"
"Julian2020","Julian2020s228","ENA","Illumina HiSeq 3000","ERR3191366","Germany",48.576139,9.1821,"Arabidopsis thaliana","Non-agricultural"
"Julian2020","Julian2020s229","ENA","Illumina HiSeq 3000","ERR3191482","Germany",48.576139,9.1821,"Arabidopsis thaliana","Non-agricultural"
"Julian2020","Julian2020s230","ENA","Illumina HiSeq 3000","ERR3191021","Germany",48.576139,9.1821,"Arabidopsis thaliana","Non-agricultural"
"Julian2020","Julian2020s231","ENA","Illumina HiSeq 3000","ERR3191889","Germany",48.576139,9.1821,"Arabidopsis thaliana","Non-agricultural"
"Julian2020","Julian2020s232","ENA","Illumina HiSeq 3000","ERR3191131","Germany",48.576139,9.1821,"Arabidopsis thaliana","Non-agricultural"
"Julian2020","Julian2020s233","ENA","Illumina HiSeq 3000","ERR3191417","Germany",48.576139,9.1821,"Arabidopsis thaliana","Non-agricultural"
"Julian2020","Julian2020s234","ENA","Illumina HiSeq 3000","ERR3191188","Germany",48.576139,9.1821,"Arabidopsis thaliana","Non-agricultural"
"Julian2020","Julian2020s235","ENA","Illumina HiSeq 3000","ERR3191418","Germany",48.576139,9.1821,"Arabidopsis thaliana","Non-agricultural"
"Julian2020","Julian2020s236","ENA","Illumina HiSeq 3000","ERR3191133","Germany",48.576139,9.1821,"Arabidopsis thaliana","Non-agricultural"
"Julian2020","Julian2020s237","ENA","Illumina HiSeq 3000","ERR3191531","Germany",48.576139,9.1821,"Arabidopsis thaliana","Non-agricultural"
"Julian2020","Julian2020s238","ENA","Illumina HiSeq 3000","ERR3191008","Germany",48.576139,9.1821,"Arabidopsis thaliana","Non-agricultural"
"Julian2020","Julian2020s239","ENA","Illumina HiSeq 3000","ERR3191061","Germany",48.576139,9.1821,"Arabidopsis thaliana","Non-agricultural"
"Julian2020","Julian2020s240","ENA","Illumina HiSeq 3000","ERR3191896","Germany",48.576139,9.1821,"Arabidopsis thaliana","Non-agricultural"
"Julian2020","Julian2020s241","ENA","Illumina HiSeq 3000","ERR3191694","Germany",48.576139,9.1821,"Arabidopsis thaliana","Non-agricultural"
"Julian2020","Julian2020s242","ENA","Illumina HiSeq 3000","ERR3190930","Germany",48.576139,9.1821,"Arabidopsis thaliana","Non-agricultural"
"Julian2020","Julian2020s243","ENA","Illumina HiSeq 3000","ERR3190973","Germany",48.576139,9.1821,"Arabidopsis thaliana","Non-agricultural"
"Julian2020","Julian2020s244","ENA","Illumina HiSeq 3000","ERR3191532","Germany",48.576139,9.1821,"Arabidopsis thaliana","Non-agricultural"
"Julian2020","Julian2020s245","ENA","Illumina HiSeq 3000","ERR3191109","Germany",48.576139,9.1821,"Arabidopsis thaliana","Non-agricultural"
"Julian2020","Julian2020s246","ENA","Illumina HiSeq 3000","ERR3191120","Germany",48.576139,9.1821,"Arabidopsis thaliana","Non-agricultural"
"Julian2020","Julian2020s247","ENA","Illumina HiSeq 3000","ERR3191743","Germany",48.576139,9.1821,"Arabidopsis thaliana","Non-agricultural"
"Keenum2022","Keenum2022s001","NCBI","Illumina HiSeq 2500","SRR8448058","USA",37.2162,-80.4637,"Lactuca sativa","Agricultural"
"Keenum2022","Keenum2022s002","NCBI","Illumina HiSeq 2500","SRR8448057","USA",37.2162,-80.4637,"Lactuca sativa","Agricultural"
"Keenum2022","Keenum2022s003","NCBI","Illumina HiSeq 2500","SRR8448056","USA",37.2162,-80.4637,"Lactuca sativa","Agricultural"
"Keenum2022","Keenum2022s004","NCBI","Illumina HiSeq 2500","SRR8448055","USA",37.2162,-80.4637,"Lactuca sativa","Agricultural"
"Keenum2022","Keenum2022s005","NCBI","Illumina HiSeq 2500","SRR8448054","USA",37.2162,-80.4637,"Lactuca sativa","Agricultural"
"Keenum2022","Keenum2022s006","NCBI","Illumina HiSeq 2500","SRR8448053","USA",37.2162,-80.4637,"Lactuca sativa","Agricultural"
"Keenum2022","Keenum2022s007","NCBI","Illumina HiSeq 2500","SRR8448052","USA",37.2162,-80.4637,"Lactuca sativa","Agricultural"
"Keenum2022","Keenum2022s008","NCBI","Illumina HiSeq 2500","SRR8448051","USA",37.2162,-80.4637,"Lactuca sativa","Agricultural"
"Keenum2022","Keenum2022s009","NCBI","Illumina HiSeq 2500","SRR8448050","USA",37.2162,-80.4637,"Lactuca sativa","Agricultural"
"Keenum2022","Keenum2022s010","NCBI","Illumina HiSeq 2500","SRR8448049","USA",37.2162,-80.4637,"Lactuca sativa","Agricultural"
"Keenum2022","Keenum2022s011","NCBI","Illumina HiSeq 2500","SRR8448048","USA",37.2162,-80.4637,"Lactuca sativa","Agricultural"
"Keenum2022","Keenum2022s012","NCBI","Illumina HiSeq 2500","SRR8448047","USA",37.2162,-80.4637,"Lactuca sativa","Agricultural"
"Khoiri2021","Khoiri2021s001","ENA","Illumina HiSeq 1500","ERR4179827","Thailand",13.595139,99.582778,"Saccharum officinarum","Agricultural"
"Khoiri2021","Khoiri2021s002","ENA","Illumina HiSeq 1500","ERR4179830","Thailand",13.631333,99.552972,"Saccharum officinarum","Agricultural"
"Khoiri2021","Khoiri2021s003","ENA","Illumina HiSeq 1500","ERR4179833","Thailand",13.742833,99.904611,"Saccharum officinarum","Agricultural"
"Khoiri2021","Khoiri2021s004","ENA","Illumina HiSeq 1500","ERR4179825","Thailand",13.595139,99.582778,"Saccharum officinarum","Agricultural"
"Khoiri2021","Khoiri2021s005","ENA","Illumina HiSeq 1500","ERR4179826","Thailand",13.595139,99.582778,"Saccharum officinarum","Agricultural"
"Khoiri2021","Khoiri2021s006","ENA","Illumina HiSeq 1500","ERR4179831","Thailand",13.631333,99.552972,"Saccharum officinarum","Agricultural"
"Khoiri2021","Khoiri2021s007","ENA","Illumina HiSeq 1500","ERR4179832","Thailand",13.631333,99.552972,"Saccharum officinarum","Agricultural"
"Khoiri2021","Khoiri2021s008","ENA","Illumina HiSeq 1500","ERR4179834","Thailand",13.742833,99.904611,"Saccharum officinarum","Agricultural"
"Khoiri2021","Khoiri2021s009","ENA","Illumina HiSeq 1500","ERR4179835","Thailand",13.742833,99.904611,"Saccharum officinarum","Agricultural"
"Sun2021","Sun2021s001","NCBI","Illumina NextSeq 500","SRR14361587","USA",40.84,-96.66,"Lactuca sativa","Agricultural"
"Sun2021","Sun2021s002","NCBI","Illumina NextSeq 500","SRR14361590","USA",40.84,-96.66,"Lactuca sativa","Agricultural"
"Sun2021","Sun2021s003","NCBI","Illumina NextSeq 500","SRR14361591","USA",40.84,-96.66,"Lactuca sativa","Agricultural"
"Sun2021","Sun2021s004","NCBI","Illumina NextSeq 500","SRR14362044","USA",40.84,-96.66,"Lactuca sativa","Agricultural"
"Sun2021","Sun2021s005","NCBI","Illumina NextSeq 500","SRR14362055","USA",40.84,-96.66,"Lactuca sativa","Agricultural"
"Sun2021","Sun2021s006","NCBI","Illumina NextSeq 500","SRR14362056","USA",40.84,-96.66,"Lactuca sativa","Agricultural"
"Supin2022","Supin2022s001","ENA","Illumina NovaSeq 6000","ERR6050321","China",28.635833,112.0158,"Oryza sativa","Agricultural"
"Supin2022","Supin2022s002","ENA","Illumina NovaSeq 6000","ERR6050322","China",28.635833,112.0158,"Oryza sativa","Agricultural"
"Supin2022","Supin2022s003","ENA","Illumina NovaSeq 6000","ERR6050323","China",28.635833,112.0158,"Oryza sativa","Agricultural"
"Supin2022","Supin2022s004","ENA","Illumina NovaSeq 6000","ERR6050324","China",28.635833,112.0158,"Oryza sativa","Agricultural"
"Supin2022","Supin2022s005","ENA","Illumina NovaSeq 6000","ERR6050325","China",28.635833,112.0158,"Oryza sativa","Agricultural"
"Supin2022","Supin2022s006","ENA","Illumina NovaSeq 6000","ERR6050326","China",28.635833,112.0158,"Oryza sativa","Agricultural"
"Supin2022","Supin2022s007","ENA","Illumina NovaSeq 6000","ERR6050327","China",28.635833,112.0158,"Oryza sativa","Agricultural"
"Supin2022","Supin2022s008","ENA","Illumina NovaSeq 6000","ERR6050328","China",28.635833,112.0158,"Oryza sativa","Agricultural"
"Supin2022","Supin2022s009","ENA","Illumina NovaSeq 6000","ERR6050329","China",28.635833,112.0158,"Oryza sativa","Agricultural"
"Supin2022","Supin2022s010","ENA","Illumina NovaSeq 6000","ERR6050330","China",28.635833,112.0158,"Oryza sativa","Agricultural"
"Supin2022","Supin2022s011","ENA","Illumina NovaSeq 6000","ERR6050331","China",28.635833,112.0158,"Oryza sativa","Agricultural"
"Supin2022","Supin2022s012","ENA","Illumina NovaSeq 6000","ERR6050333","China",28.635833,112.0158,"Oryza sativa","Agricultural"
"Supin2022","Supin2022s013","ENA","Illumina NovaSeq 6000","ERR6050334","China",28.635833,112.0158,"Oryza sativa","Agricultural"
"Supin2022","Supin2022s014","ENA","Illumina NovaSeq 6000","ERR6050335","China",28.635833,112.0158,"Oryza sativa","Agricultural"
"Supin2022","Supin2022s015","ENA","Illumina NovaSeq 6000","ERR6050336","China",28.635833,112.0158,"Oryza sativa","Agricultural"
"Supin2022","Supin2022s016","ENA","Illumina NovaSeq 6000","ERR6050337","China",28.635833,112.0158,"Oryza sativa","Agricultural"
"Supin2022","Supin2022s017","ENA","Illumina NovaSeq 6000","ERR6050338","China",28.635833,112.0158,"Oryza sativa","Agricultural"
"Supin2022","Supin2022s018","ENA","Illumina NovaSeq 6000","ERR6050339","China",28.635833,112.0158,"Oryza sativa","Agricultural"
"Supin2022","Supin2022s019","ENA","Illumina NovaSeq 6000","ERR6050340","China",28.635833,112.0158,"Oryza sativa","Agricultural"
"Supin2022","Supin2022s020","ENA","Illumina NovaSeq 6000","ERR6050343","China",28.635833,112.0158,"Oryza sativa","Agricultural"
"Supin2022","Supin2022s021","ENA","Illumina NovaSeq 6000","ERR6050344","China",28.635833,112.0158,"Oryza sativa","Agricultural"
"Supin2022","Supin2022s022","ENA","Illumina NovaSeq 6000","ERR6050348","China",28.635833,112.0158,"Oryza sativa","Agricultural"
"Supin2022","Supin2022s023","ENA","Illumina NovaSeq 6000","ERR6050349","China",28.635833,112.0158,"Oryza sativa","Agricultural"
"Supin2022","Supin2022s024","ENA","Illumina NovaSeq 6000","ERR6050350","China",28.635833,112.0158,"Oryza sativa","Agricultural"
"Supin2022","Supin2022s025","ENA","Illumina NovaSeq 6000","ERR6050351","China",28.635833,112.0158,"Oryza sativa","Agricultural"
"Supin2022","Supin2022s026","ENA","Illumina NovaSeq 6000","ERR6050352","China",28.635833,112.0158,"Oryza sativa","Agricultural"
"Supin2022","Supin2022s027","ENA","Illumina NovaSeq 6000","ERR6050353","China",28.635833,112.0158,"Oryza sativa","Agricultural"
"Supin2022","Supin2022s028","ENA","Illumina NovaSeq 6000","ERR6050354","China",28.635833,112.0158,"Oryza sativa","Agricultural"
"Supin2022","Supin2022s029","ENA","Illumina NovaSeq 6000","ERR6050355","China",28.635833,112.0158,"Oryza sativa","Agricultural"
"Supin2022","Supin2022s030","ENA","Illumina NovaSeq 6000","ERR6050356","China",28.635833,112.0158,"Oryza sativa","Agricultural"
"Supin2022","Supin2022s031","ENA","Illumina NovaSeq 6000","ERR6050357","China",28.635833,112.0158,"Oryza sativa","Agricultural"
"Supin2022","Supin2022s032","ENA","Illumina NovaSeq 6000","ERR6050358","China",28.635833,112.0158,"Oryza sativa","Agricultural"
"Supin2022","Supin2022s033","ENA","Illumina NovaSeq 6000","ERR6050359","China",28.635833,112.0158,"Oryza sativa","Agricultural"
"Supin2022","Supin2022s034","ENA","Illumina NovaSeq 6000","ERR6050360","China",28.635833,112.0158,"Oryza sativa","Agricultural"
"Supin2022","Supin2022s035","ENA","Illumina NovaSeq 6000","ERR6050361","China",28.635833,112.0158,"Oryza sativa","Agricultural"
"Supin2022","Supin2022s036","ENA","Illumina NovaSeq 6000","ERR6050362","China",28.635833,112.0158,"Oryza sativa","Agricultural"
"Supin2022","Supin2022s037","ENA","Illumina NovaSeq 6000","ERR6050363","China",28.635833,112.0158,"Oryza sativa","Agricultural"
"Supin2022","Supin2022s038","ENA","Illumina NovaSeq 6000","ERR6050364","China",28.635833,112.0158,"Oryza sativa","Agricultural"
"Supin2022","Supin2022s039","ENA","Illumina NovaSeq 6000","ERR6050365","China",28.635833,112.0158,"Oryza sativa","Agricultural"
"Supin2022","Supin2022s040","ENA","Illumina NovaSeq 6000","ERR6050366","China",28.635833,112.0158,"Oryza sativa","Agricultural"
"Supin2022","Supin2022s041","ENA","Illumina NovaSeq 6000","ERR6050367","China",28.635833,112.0158,"Oryza sativa","Agricultural"
"Supin2022","Supin2022s042","ENA","Illumina NovaSeq 6000","ERR6050368","China",28.635833,112.0158,"Oryza sativa","Agricultural"
"Supin2022","Supin2022s043","ENA","Illumina NovaSeq 6000","ERR6050369","China",28.635833,112.0158,"Oryza sativa","Agricultural"
"Supin2022","Supin2022s044","ENA","Illumina NovaSeq 6000","ERR6050370","China",28.635833,112.0158,"Oryza sativa","Agricultural"
"Supin2022","Supin2022s045","ENA","Illumina NovaSeq 6000","ERR6050371","China",28.635833,112.0158,"Oryza sativa","Agricultural"
"Supin2022","Supin2022s046","ENA","Illumina NovaSeq 6000","ERR6050372","China",28.635833,112.0158,"Oryza sativa","Agricultural"
"Supin2022","Supin2022s047","ENA","Illumina NovaSeq 6000","ERR6050373","China",28.635833,112.0158,"Oryza sativa","Agricultural"
"Supin2022","Supin2022s048","ENA","Illumina NovaSeq 6000","ERR6050374","China",28.635833,112.0158,"Oryza sativa","Agricultural"
"Supin2022","Supin2022s049","ENA","Illumina NovaSeq 6000","ERR6050375","China",28.635833,112.0158,"Oryza sativa","Agricultural"
"Supin2022","Supin2022s050","ENA","Illumina NovaSeq 6000","ERR6050376","China",28.635833,112.0158,"Oryza sativa","Agricultural"
"Supin2022","Supin2022s051","ENA","Illumina NovaSeq 6000","ERR6050377","China",28.635833,112.0158,"Oryza sativa","Agricultural"
"Supin2022","Supin2022s052","ENA","Illumina NovaSeq 6000","ERR6050378","China",28.635833,112.0158,"Oryza sativa","Agricultural"
"Supin2022","Supin2022s053","ENA","Illumina NovaSeq 6000","ERR6050379","China",28.635833,112.0158,"Oryza sativa","Agricultural"
"Supin2022","Supin2022s054","ENA","Illumina NovaSeq 6000","ERR6050380","China",28.635833,112.0158,"Oryza sativa","Agricultural"
"Supin2022","Supin2022s055","ENA","Illumina NovaSeq 6000","ERR6050381","China",28.635833,112.0158,"Oryza sativa","Agricultural"
"Supin2022","Supin2022s056","ENA","Illumina NovaSeq 6000","ERR6050382","China",28.635833,112.0158,"Oryza sativa","Agricultural"
"Supin2022","Supin2022s057","ENA","Illumina NovaSeq 6000","ERR6050383","China",28.635833,112.0158,"Oryza sativa","Agricultural"
"Supin2022","Supin2022s058","ENA","Illumina NovaSeq 6000","ERR6050384","China",28.635833,112.0158,"Oryza sativa","Agricultural"
"Supin2022","Supin2022s059","ENA","Illumina NovaSeq 6000","ERR6050385","China",28.635833,112.0158,"Oryza sativa","Agricultural"
"Supin2022","Supin2022s060","ENA","Illumina NovaSeq 6000","ERR6050386","China",28.635833,112.0158,"Oryza sativa","Agricultural"
"Supin2022","Supin2022s061","ENA","Illumina NovaSeq 6000","ERR6050387","China",28.635833,112.0158,"Oryza sativa","Agricultural"
"Supin2022","Supin2022s062","ENA","Illumina NovaSeq 6000","ERR6050388","China",28.635833,112.0158,"Oryza sativa","Agricultural"
"Supin2022","Supin2022s063","ENA","Illumina NovaSeq 6000","ERR6050389","China",28.635833,112.0158,"Oryza sativa","Agricultural"
"Supin2022","Supin2022s064","ENA","Illumina NovaSeq 6000","ERR6050390","China",28.635833,112.0158,"Oryza sativa","Agricultural"
"Supin2022","Supin2022s065","ENA","Illumina NovaSeq 6000","ERR6050391","China",28.635833,112.0158,"Oryza sativa","Agricultural"
"Supin2022","Supin2022s066","ENA","Illumina NovaSeq 6000","ERR6050392","China",28.635833,112.0158,"Oryza sativa","Agricultural"
"Supin2022","Supin2022s067","ENA","Illumina NovaSeq 6000","ERR6050393","China",28.635833,112.0158,"Oryza sativa","Agricultural"
"Supin2022","Supin2022s068","ENA","Illumina NovaSeq 6000","ERR6050394","China",28.635833,112.0158,"Oryza sativa","Agricultural"
"Supin2022","Supin2022s069","ENA","Illumina NovaSeq 6000","ERR6050395","China",28.635833,112.0158,"Oryza sativa","Agricultural"
"Supin2022","Supin2022s070","ENA","Illumina NovaSeq 6000","ERR6050396","China",28.635833,112.0158,"Oryza sativa","Agricultural"
"Supin2022","Supin2022s071","ENA","Illumina NovaSeq 6000","ERR6050397","China",28.635833,112.0158,"Oryza sativa","Agricultural"
"Supin2022","Supin2022s072","ENA","Illumina NovaSeq 6000","ERR6050398","China",28.635833,112.0158,"Oryza sativa","Agricultural"
"Supin2022","Supin2022s073","ENA","Illumina NovaSeq 6000","ERR6050399","China",28.635833,112.0158,"Oryza sativa","Agricultural"
"Supin2022","Supin2022s074","ENA","Illumina NovaSeq 6000","ERR6050400","China",28.635833,112.0158,"Oryza sativa","Agricultural"
"Supin2022","Supin2022s075","ENA","Illumina NovaSeq 6000","ERR6050401","China",28.635833,112.0158,"Oryza sativa","Agricultural"
"Supin2022","Supin2022s076","ENA","Illumina NovaSeq 6000","ERR6050402","China",28.635833,112.0158,"Oryza sativa","Agricultural"
"Supin2022","Supin2022s077","ENA","Illumina NovaSeq 6000","ERR6050403","China",28.635833,112.0158,"Oryza sativa","Agricultural"
"Supin2022","Supin2022s078","ENA","Illumina NovaSeq 6000","ERR6050404","China",28.635833,112.0158,"Oryza sativa","Agricultural"
"Supin2022","Supin2022s079","ENA","Illumina NovaSeq 6000","ERR6050405","China",28.635833,112.0158,"Oryza sativa","Agricultural"
"Supin2022","Supin2022s080","ENA","Illumina NovaSeq 6000","ERR6050406","China",28.635833,112.0158,"Oryza sativa","Agricultural"
"Supin2022","Supin2022s081","ENA","Illumina NovaSeq 6000","ERR6050407","China",28.635833,112.0158,"Oryza sativa","Agricultural"
"Supin2022","Supin2022s082","ENA","Illumina NovaSeq 6000","ERR6050408","China",28.635833,112.0158,"Oryza sativa","Agricultural"
"Supin2022","Supin2022s083","ENA","Illumina NovaSeq 6000","ERR6050409","China",28.635833,112.0158,"Oryza sativa","Agricultural"
"Supin2022","Supin2022s084","ENA","Illumina NovaSeq 6000","ERR6050410","China",28.635833,112.0158,"Oryza sativa","Agricultural"
"Supin2022","Supin2022s085","ENA","Illumina NovaSeq 6000","ERR6050411","China",28.635833,112.0158,"Oryza sativa","Agricultural"
"Supin2022","Supin2022s086","ENA","Illumina NovaSeq 6000","ERR6050412","China",28.635833,112.0158,"Oryza sativa","Agricultural"
"Supin2022","Supin2022s087","ENA","Illumina NovaSeq 6000","ERR6050413","China",28.635833,112.0158,"Oryza sativa","Agricultural"
"Supin2022","Supin2022s088","ENA","Illumina NovaSeq 6000","ERR6050414","China",28.635833,112.0158,"Oryza sativa","Agricultural"
"Supin2022","Supin2022s089","ENA","Illumina NovaSeq 6000","ERR6050415","China",28.635833,112.0158,"Oryza sativa","Agricultural"
"Supin2022","Supin2022s090","ENA","Illumina NovaSeq 6000","ERR6050416","China",28.635833,112.0158,"Oryza sativa","Agricultural"
"Supin2022","Supin2022s091","ENA","Illumina NovaSeq 6000","ERR6050417","China",28.635833,112.0158,"Oryza sativa","Agricultural"
"Supin2022","Supin2022s092","ENA","Illumina NovaSeq 6000","ERR6050418","China",28.635833,112.0158,"Oryza sativa","Agricultural"
"Supin2022","Supin2022s093","ENA","Illumina NovaSeq 6000","ERR6050419","China",28.635833,112.0158,"Oryza sativa","Agricultural"
"Supin2022","Supin2022s094","ENA","Illumina NovaSeq 6000","ERR6050420","China",28.635833,112.0158,"Oryza sativa","Agricultural"
"Supin2022","Supin2022s095","ENA","Illumina NovaSeq 6000","ERR6050421","China",28.635833,112.0158,"Oryza sativa","Agricultural"
"Supin2022","Supin2022s096","ENA","Illumina NovaSeq 6000","ERR6050422","China",28.635833,112.0158,"Oryza sativa","Agricultural"
"Supin2022","Supin2022s097","ENA","Illumina NovaSeq 6000","ERR6050423","China",28.635833,112.0158,"Oryza sativa","Agricultural"
"Supin2022","Supin2022s098","ENA","Illumina NovaSeq 6000","ERR6050424","China",28.635833,112.0158,"Oryza sativa","Agricultural"
"Supin2022","Supin2022s099","ENA","Illumina NovaSeq 6000","ERR6050425","China",28.635833,112.0158,"Oryza sativa","Agricultural"
"Supin2022","Supin2022s100","ENA","Illumina NovaSeq 6000","ERR6050426","China",28.635833,112.0158,"Oryza sativa","Agricultural"
"Supin2022","Supin2022s101","ENA","Illumina NovaSeq 6000","ERR6050427","China",28.635833,112.0158,"Oryza sativa","Agricultural"
"Supin2022","Supin2022s102","ENA","Illumina NovaSeq 6000","ERR6050428","China",28.635833,112.0158,"Oryza sativa","Agricultural"
"Supin2022","Supin2022s103","ENA","Illumina NovaSeq 6000","ERR6050429","China",28.635833,112.0158,"Oryza sativa","Agricultural"
"Supin2022","Supin2022s104","ENA","Illumina NovaSeq 6000","ERR6050430","China",28.635833,112.0158,"Oryza sativa","Agricultural"
"Supin2022","Supin2022s105","ENA","Illumina NovaSeq 6000","ERR6050431","China",28.635833,112.0158,"Oryza sativa","Agricultural"
"Supin2022","Supin2022s106","ENA","Illumina NovaSeq 6000","ERR6050432","China",28.635833,112.0158,"Oryza sativa","Agricultural"
"Supin2022","Supin2022s107","ENA","Illumina NovaSeq 6000","ERR6050433","China",28.635833,112.0158,"Oryza sativa","Agricultural"
"Supin2022","Supin2022s108","ENA","Illumina NovaSeq 6000","ERR6050434","China",28.635833,112.0158,"Oryza sativa","Agricultural"
"Supin2022","Supin2022s109","ENA","Illumina NovaSeq 6000","ERR6050435","China",28.635833,112.0158,"Oryza sativa","Agricultural"
"Supin2022","Supin2022s110","ENA","Illumina NovaSeq 6000","ERR6050436","China",28.635833,112.0158,"Oryza sativa","Agricultural"
"Supin2022","Supin2022s111","ENA","Illumina NovaSeq 6000","ERR6050437","China",28.635833,112.0158,"Oryza sativa","Agricultural"
"Supin2022","Supin2022s112","ENA","Illumina NovaSeq 6000","ERR6050438","China",28.635833,112.0158,"Oryza sativa","Agricultural"
"Supin2022","Supin2022s113","ENA","Illumina NovaSeq 6000","ERR6050439","China",28.635833,112.0158,"Oryza sativa","Agricultural"
"Supin2022","Supin2022s114","ENA","Illumina NovaSeq 6000","ERR6050440","China",28.635833,112.0158,"Oryza sativa","Agricultural"
"Supin2022","Supin2022s115","ENA","Illumina NovaSeq 6000","ERR6050441","China",28.635833,112.0158,"Oryza sativa","Agricultural"
"Supin2022","Supin2022s116","ENA","Illumina NovaSeq 6000","ERR6050442","China",28.635833,112.0158,"Oryza sativa","Agricultural"
"Supin2022","Supin2022s117","ENA","Illumina NovaSeq 6000","ERR6050443","China",28.635833,112.0158,"Oryza sativa","Agricultural"
"Supin2022","Supin2022s118","ENA","Illumina NovaSeq 6000","ERR6050444","China",28.635833,112.0158,"Oryza sativa","Agricultural"
"Supin2022","Supin2022s119","ENA","Illumina NovaSeq 6000","ERR6050445","China",28.635833,112.0158,"Oryza sativa","Agricultural"
"Supin2022","Supin2022s120","ENA","Illumina NovaSeq 6000","ERR6050446","China",28.635833,112.0158,"Oryza sativa","Agricultural"
"Supin2022","Supin2022s121","ENA","Illumina NovaSeq 6000","ERR6050447","China",28.635833,112.0158,"Oryza sativa","Agricultural"
"Supin2022","Supin2022s122","ENA","Illumina NovaSeq 6000","ERR6050448","China",28.635833,112.0158,"Oryza sativa","Agricultural"
"Supin2022","Supin2022s123","ENA","Illumina NovaSeq 6000","ERR6050449","China",28.635833,112.0158,"Oryza sativa","Agricultural"
"Supin2022","Supin2022s124","ENA","Illumina NovaSeq 6000","ERR6050450","China",28.635833,112.0158,"Oryza sativa","Agricultural"
"Supin2022","Supin2022s125","ENA","Illumina NovaSeq 6000","ERR6050453","China",28.635833,112.0158,"Oryza sativa","Agricultural"
"Supin2022","Supin2022s126","ENA","Illumina NovaSeq 6000","ERR6050454","China",28.635833,112.0158,"Oryza sativa","Agricultural"
"Supin2022","Supin2022s127","ENA","Illumina NovaSeq 6000","ERR6050458","China",28.635833,112.0158,"Oryza sativa","Agricultural"
"Supin2022","Supin2022s128","ENA","Illumina NovaSeq 6000","ERR6050459","China",28.635833,112.0158,"Oryza sativa","Agricultural"
"Supin2022","Supin2022s129","ENA","Illumina NovaSeq 6000","ERR6050460","China",28.635833,112.0158,"Oryza sativa","Agricultural"
"Supin2022","Supin2022s130","ENA","Illumina NovaSeq 6000","ERR6050461","China",28.635833,112.0158,"Oryza sativa","Agricultural"
"Supin2022","Supin2022s131","ENA","Illumina NovaSeq 6000","ERR6050463","China",28.635833,112.0158,"Oryza sativa","Agricultural"
"Supin2022","Supin2022s132","ENA","Illumina NovaSeq 6000","ERR6050464","China",28.635833,112.0158,"Oryza sativa","Agricultural"
"Supin2022","Supin2022s133","ENA","Illumina NovaSeq 6000","ERR6050465","China",28.635833,112.0158,"Oryza sativa","Agricultural"
"Supin2022","Supin2022s134","ENA","Illumina NovaSeq 6000","ERR6050466","China",28.635833,112.0158,"Oryza sativa","Agricultural"
"Supin2022","Supin2022s135","ENA","Illumina NovaSeq 6000","ERR6050467","China",28.635833,112.0158,"Oryza sativa","Agricultural"
"Supin2022","Supin2022s136","ENA","Illumina NovaSeq 6000","ERR6050468","China",28.635833,112.0158,"Oryza sativa","Agricultural"
"Supin2022","Supin2022s137","ENA","Illumina NovaSeq 6000","ERR6050469","China",28.635833,112.0158,"Oryza sativa","Agricultural"
"Supin2022","Supin2022s138","ENA","Illumina NovaSeq 6000","ERR6050470","China",28.635833,112.0158,"Oryza sativa","Agricultural"
"Supin2022","Supin2022s139","ENA","Illumina NovaSeq 6000","ERR6050471","China",28.635833,112.0158,"Oryza sativa","Agricultural"
"Supin2022","Supin2022s140","ENA","Illumina NovaSeq 6000","ERR6050472","China",28.635833,112.0158,"Oryza sativa","Agricultural"
"Supin2022","Supin2022s141","ENA","Illumina NovaSeq 6000","ERR6050473","China",28.635833,112.0158,"Oryza sativa","Agricultural"
"Supin2022","Supin2022s142","ENA","Illumina NovaSeq 6000","ERR6050474","China",28.635833,112.0158,"Oryza sativa","Agricultural"
"Supin2022","Supin2022s143","ENA","Illumina NovaSeq 6000","ERR6050475","China",28.635833,112.0158,"Oryza sativa","Agricultural"
"Supin2022","Supin2022s144","ENA","Illumina NovaSeq 6000","ERR6050476","China",28.635833,112.0158,"Oryza sativa","Agricultural"
"Supin2022","Supin2022s145","ENA","Illumina NovaSeq 6000","ERR6050477","China",28.635833,112.0158,"Oryza sativa","Agricultural"
"Supin2022","Supin2022s146","ENA","Illumina NovaSeq 6000","ERR6050478","China",28.635833,112.0158,"Oryza sativa","Agricultural"
"Supin2022","Supin2022s147","ENA","Illumina NovaSeq 6000","ERR6050479","China",28.635833,112.0158,"Oryza sativa","Agricultural"
"Supin2022","Supin2022s148","ENA","Illumina NovaSeq 6000","ERR6050480","China",28.635833,112.0158,"Oryza sativa","Agricultural"
"Supin2022","Supin2022s149","ENA","Illumina NovaSeq 6000","ERR6050481","China",28.635833,112.0158,"Oryza sativa","Agricultural"
"Supin2022","Supin2022s150","ENA","Illumina NovaSeq 6000","ERR6050482","China",28.635833,112.0158,"Oryza sativa","Agricultural"
"Supin2022","Supin2022s151","ENA","Illumina NovaSeq 6000","ERR6050483","China",28.635833,112.0158,"Oryza sativa","Agricultural"
"Supin2022","Supin2022s152","ENA","Illumina NovaSeq 6000","ERR6050484","China",28.635833,112.0158,"Oryza sativa","Agricultural"
"Supin2022","Supin2022s153","ENA","Illumina NovaSeq 6000","ERR6050485","China",28.635833,112.0158,"Oryza sativa","Agricultural"
"Supin2022","Supin2022s154","ENA","Illumina NovaSeq 6000","ERR6050486","China",28.635833,112.0158,"Oryza sativa","Agricultural"
"Supin2022","Supin2022s155","ENA","Illumina NovaSeq 6000","ERR6050487","China",28.635833,112.0158,"Oryza sativa","Agricultural"
"Supin2022","Supin2022s156","ENA","Illumina NovaSeq 6000","ERR6050488","China",28.635833,112.0158,"Oryza sativa","Agricultural"
"Supin2022","Supin2022s157","ENA","Illumina NovaSeq 6000","ERR6050489","China",28.635833,112.0158,"Oryza sativa","Agricultural"
"Supin2022","Supin2022s158","ENA","Illumina NovaSeq 6000","ERR6050490","China",28.635833,112.0158,"Oryza sativa","Agricultural"
"Supin2022","Supin2022s159","ENA","Illumina NovaSeq 6000","ERR6050491","China",28.635833,112.0158,"Oryza sativa","Agricultural"
"Supin2022","Supin2022s160","ENA","Illumina NovaSeq 6000","ERR6050492","China",28.635833,112.0158,"Oryza sativa","Agricultural"
"Supin2022","Supin2022s161","ENA","Illumina NovaSeq 6000","ERR6050493","China",28.635833,112.0158,"Oryza sativa","Agricultural"
"Supin2022","Supin2022s162","ENA","Illumina NovaSeq 6000","ERR6050494","China",28.635833,112.0158,"Oryza sativa","Agricultural"
"Supin2022","Supin2022s163","ENA","Illumina NovaSeq 6000","ERR6050495","China",28.635833,112.0158,"Oryza sativa","Agricultural"
"Supin2022","Supin2022s164","ENA","Illumina NovaSeq 6000","ERR6050496","China",28.635833,112.0158,"Oryza sativa","Agricultural"
"Supin2022","Supin2022s165","ENA","Illumina NovaSeq 6000","ERR6050497","China",28.635833,112.0158,"Oryza sativa","Agricultural"
"Supin2022","Supin2022s166","ENA","Illumina NovaSeq 6000","ERR6050498","China",28.635833,112.0158,"Oryza sativa","Agricultural"
"Supin2022","Supin2022s167","ENA","Illumina NovaSeq 6000","ERR6050499","China",28.635833,112.0158,"Oryza sativa","Agricultural"
"Supin2022","Supin2022s168","ENA","Illumina NovaSeq 6000","ERR6050500","China",28.635833,112.0158,"Oryza sativa","Agricultural"
"Supin2022","Supin2022s169","ENA","Illumina NovaSeq 6000","ERR6050501","China",28.635833,112.0158,"Oryza sativa","Agricultural"
"Supin2022","Supin2022s170","ENA","Illumina NovaSeq 6000","ERR6050502","China",28.635833,112.0158,"Oryza sativa","Agricultural"
"Supin2022","Supin2022s171","ENA","Illumina NovaSeq 6000","ERR6050503","China",28.635833,112.0158,"Oryza sativa","Agricultural"
"Supin2022","Supin2022s172","ENA","Illumina NovaSeq 6000","ERR6050504","China",28.635833,112.0158,"Oryza sativa","Agricultural"
"Supin2022","Supin2022s173","ENA","Illumina NovaSeq 6000","ERR6050505","China",28.635833,112.0158,"Oryza sativa","Agricultural"
"Supin2022","Supin2022s174","ENA","Illumina NovaSeq 6000","ERR6050506","China",28.635833,112.0158,"Oryza sativa","Agricultural"
"Supin2022","Supin2022s175","ENA","Illumina NovaSeq 6000","ERR6050507","China",28.635833,112.0158,"Oryza sativa","Agricultural"
"Supin2022","Supin2022s176","ENA","Illumina NovaSeq 6000","ERR6050508","China",28.635833,112.0158,"Oryza sativa","Agricultural"
"Supin2022","Supin2022s177","ENA","Illumina NovaSeq 6000","ERR6050509","China",28.635833,112.0158,"Oryza sativa","Agricultural"
"Supin2022","Supin2022s178","ENA","Illumina NovaSeq 6000","ERR6050510","China",28.635833,112.0158,"Oryza sativa","Agricultural"
"Supin2022","Supin2022s179","ENA","Illumina NovaSeq 6000","ERR6050511","China",28.635833,112.0158,"Oryza sativa","Agricultural"
"Supin2022","Supin2022s180","ENA","Illumina NovaSeq 6000","ERR6050512","China",28.635833,112.0158,"Oryza sativa","Agricultural"
"Supin2022","Supin2022s181","ENA","Illumina NovaSeq 6000","ERR6050513","China",28.635833,112.0158,"Oryza sativa","Agricultural"
"Supin2022","Supin2022s182","ENA","Illumina NovaSeq 6000","ERR6050514","China",28.635833,112.0158,"Oryza sativa","Agricultural"
"Supin2022","Supin2022s183","ENA","Illumina NovaSeq 6000","ERR6050515","China",28.635833,112.0158,"Oryza sativa","Agricultural"
"Supin2022","Supin2022s184","ENA","Illumina NovaSeq 6000","ERR6050516","China",28.635833,112.0158,"Oryza sativa","Agricultural"
"Supin2022","Supin2022s185","ENA","Illumina NovaSeq 6000","ERR6050517","China",28.635833,112.0158,"Oryza sativa","Agricultural"
"Supin2022","Supin2022s186","ENA","Illumina NovaSeq 6000","ERR6050518","China",28.635833,112.0158,"Oryza sativa","Agricultural"
"Supin2022","Supin2022s187","ENA","Illumina NovaSeq 6000","ERR6050519","China",28.635833,112.0158,"Oryza sativa","Agricultural"
"Supin2022","Supin2022s188","ENA","Illumina NovaSeq 6000","ERR6050520","China",28.635833,112.0158,"Oryza sativa","Agricultural"
"Supin2022","Supin2022s189","ENA","Illumina NovaSeq 6000","ERR6050521","China",28.635833,112.0158,"Oryza sativa","Agricultural"
"Supin2022","Supin2022s190","ENA","Illumina NovaSeq 6000","ERR6050522","China",28.635833,112.0158,"Oryza sativa","Agricultural"
"Supin2022","Supin2022s191","ENA","Illumina NovaSeq 6000","ERR6050523","China",28.635833,112.0158,"Oryza sativa","Agricultural"
"Supin2022","Supin2022s192","ENA","Illumina NovaSeq 6000","ERR6050524","China",28.635833,112.0158,"Oryza sativa","Agricultural"
"Supin2022","Supin2022s193","ENA","Illumina NovaSeq 6000","ERR6050525","China",28.635833,112.0158,"Oryza sativa","Agricultural"
"Supin2022","Supin2022s194","ENA","Illumina NovaSeq 6000","ERR6050526","China",28.635833,112.0158,"Oryza sativa","Agricultural"
"Supin2022","Supin2022s195","ENA","Illumina NovaSeq 6000","ERR6050527","China",28.635833,112.0158,"Oryza sativa","Agricultural"
"Supin2022","Supin2022s196","ENA","Illumina NovaSeq 6000","ERR6050528","China",28.635833,112.0158,"Oryza sativa","Agricultural"
"Supin2022","Supin2022s197","ENA","Illumina NovaSeq 6000","ERR6050529","China",28.635833,112.0158,"Oryza sativa","Agricultural"
"Supin2022","Supin2022s198","ENA","Illumina NovaSeq 6000","ERR6050530","China",28.635833,112.0158,"Oryza sativa","Agricultural"
"Supin2022","Supin2022s199","ENA","Illumina NovaSeq 6000","ERR6050531","China",28.635833,112.0158,"Oryza sativa","Agricultural"
"Supin2022","Supin2022s200","ENA","Illumina NovaSeq 6000","ERR6050532","China",28.635833,112.0158,"Oryza sativa","Agricultural"
"Supin2022","Supin2022s201","ENA","Illumina NovaSeq 6000","ERR6050533","China",28.635833,112.0158,"Oryza sativa","Agricultural"
"Supin2022","Supin2022s202","ENA","Illumina NovaSeq 6000","ERR6050534","China",28.635833,112.0158,"Oryza sativa","Agricultural"
"Supin2022","Supin2022s203","ENA","Illumina NovaSeq 6000","ERR6050535","China",28.635833,112.0158,"Oryza sativa","Agricultural"
"Supin2022","Supin2022s204","ENA","Illumina NovaSeq 6000","ERR6050536","China",28.635833,112.0158,"Oryza sativa","Agricultural"
"Supin2022","Supin2022s205","ENA","Illumina NovaSeq 6000","ERR6050537","China",28.635833,112.0158,"Oryza sativa","Agricultural"
"Supin2022","Supin2022s206","ENA","Illumina NovaSeq 6000","ERR6050538","China",28.635833,112.0158,"Oryza sativa","Agricultural"
"Supin2022","Supin2022s207","ENA","Illumina NovaSeq 6000","ERR6050539","China",28.635833,112.0158,"Oryza sativa","Agricultural"
"Supin2022","Supin2022s208","ENA","Illumina NovaSeq 6000","ERR6050540","China",28.635833,112.0158,"Oryza sativa","Agricultural"
"Supin2022","Supin2022s209","ENA","Illumina NovaSeq 6000","ERR6050541","China",28.635833,112.0158,"Oryza sativa","Agricultural"
"Supin2022","Supin2022s210","ENA","Illumina NovaSeq 6000","ERR6050542","China",28.635833,112.0158,"Oryza sativa","Agricultural"
"Supin2022","Supin2022s211","ENA","Illumina NovaSeq 6000","ERR6050543","China",28.635833,112.0158,"Oryza sativa","Agricultural"
"Supin2022","Supin2022s212","ENA","Illumina NovaSeq 6000","ERR6050544","China",28.635833,112.0158,"Oryza sativa","Agricultural"
"Supin2022","Supin2022s213","ENA","Illumina NovaSeq 6000","ERR6050545","China",28.635833,112.0158,"Oryza sativa","Agricultural"
"Supin2022","Supin2022s214","ENA","Illumina NovaSeq 6000","ERR6050546","China",28.635833,112.0158,"Oryza sativa","Agricultural"
"Supin2022","Supin2022s215","ENA","Illumina NovaSeq 6000","ERR6050547","China",28.635833,112.0158,"Oryza sativa","Agricultural"
"Supin2022","Supin2022s216","ENA","Illumina NovaSeq 6000","ERR6050548","China",28.635833,112.0158,"Oryza sativa","Agricultural"
"Supin2022","Supin2022s217","ENA","Illumina NovaSeq 6000","ERR6050549","China",28.635833,112.0158,"Oryza sativa","Agricultural"
"Supin2022","Supin2022s218","ENA","Illumina NovaSeq 6000","ERR6050550","China",28.635833,112.0158,"Oryza sativa","Agricultural"
"Supin2022","Supin2022s219","ENA","Illumina NovaSeq 6000","ERR6050551","China",28.635833,112.0158,"Oryza sativa","Agricultural"
"Supin2022","Supin2022s220","ENA","Illumina NovaSeq 6000","ERR6050553","China",28.635833,112.0158,"Oryza sativa","Agricultural"
"Supin2022","Supin2022s221","ENA","Illumina NovaSeq 6000","ERR6050554","China",28.635833,112.0158,"Oryza sativa","Agricultural"
"Supin2022","Supin2022s222","ENA","Illumina NovaSeq 6000","ERR6050555","China",28.635833,112.0158,"Oryza sativa","Agricultural"
"Supin2022","Supin2022s223","ENA","Illumina NovaSeq 6000","ERR6050556","China",28.635833,112.0158,"Oryza sativa","Agricultural"
"Supin2022","Supin2022s224","ENA","Illumina NovaSeq 6000","ERR6050557","China",28.635833,112.0158,"Oryza sativa","Agricultural"
"Supin2022","Supin2022s225","ENA","Illumina NovaSeq 6000","ERR6050558","China",28.635833,112.0158,"Oryza sativa","Agricultural"
"Supin2022","Supin2022s226","ENA","Illumina NovaSeq 6000","ERR6050559","China",28.635833,112.0158,"Oryza sativa","Agricultural"
"Supin2022","Supin2022s227","ENA","Illumina NovaSeq 6000","ERR6050560","China",28.635833,112.0158,"Oryza sativa","Agricultural"
"Supin2022","Supin2022s228","ENA","Illumina NovaSeq 6000","ERR6050563","China",28.635833,112.0158,"Oryza sativa","Agricultural"
"Supin2022","Supin2022s229","ENA","Illumina NovaSeq 6000","ERR6050564","China",28.635833,112.0158,"Oryza sativa","Agricultural"
"Supin2022","Supin2022s230","ENA","Illumina NovaSeq 6000","ERR6050565","China",28.635833,112.0158,"Oryza sativa","Agricultural"
"Supin2022","Supin2022s231","ENA","Illumina NovaSeq 6000","ERR6050568","China",28.635833,112.0158,"Oryza sativa","Agricultural"
"Supin2022","Supin2022s232","ENA","Illumina NovaSeq 6000","ERR6050569","China",28.635833,112.0158,"Oryza sativa","Agricultural"
"Supin2022","Supin2022s233","ENA","Illumina NovaSeq 6000","ERR6050570","China",28.635833,112.0158,"Oryza sativa","Agricultural"
"Supin2022","Supin2022s234","ENA","Illumina NovaSeq 6000","ERR6050571","China",28.635833,112.0158,"Oryza sativa","Agricultural"
"Supin2022","Supin2022s235","ENA","Illumina NovaSeq 6000","ERR6050573","China",28.635833,112.0158,"Oryza sativa","Agricultural"
"Supin2022","Supin2022s236","ENA","Illumina NovaSeq 6000","ERR6050574","China",28.635833,112.0158,"Oryza sativa","Agricultural"
"Supin2022","Supin2022s237","ENA","Illumina NovaSeq 6000","ERR6050575","China",28.635833,112.0158,"Oryza sativa","Agricultural"
"Supin2022","Supin2022s238","ENA","Illumina NovaSeq 6000","ERR6050576","China",28.635833,112.0158,"Oryza sativa","Agricultural"
"Supin2022","Supin2022s239","ENA","Illumina NovaSeq 6000","ERR6050577","China",28.635833,112.0158,"Oryza sativa","Agricultural"
"Supin2022","Supin2022s240","ENA","Illumina NovaSeq 6000","ERR6050578","China",28.635833,112.0158,"Oryza sativa","Agricultural"
"Supin2022","Supin2022s241","ENA","Illumina NovaSeq 6000","ERR6050579","China",28.635833,112.0158,"Oryza sativa","Agricultural"
"Supin2022","Supin2022s242","ENA","Illumina NovaSeq 6000","ERR6050580","China",28.635833,112.0158,"Oryza sativa","Agricultural"
"Supin2022","Supin2022s243","ENA","Illumina NovaSeq 6000","ERR6050581","China",28.635833,112.0158,"Oryza sativa","Agricultural"
"Supin2022","Supin2022s244","ENA","Illumina NovaSeq 6000","ERR6050582","China",28.635833,112.0158,"Oryza sativa","Agricultural"
"Supin2022","Supin2022s245","ENA","Illumina NovaSeq 6000","ERR6050583","China",28.635833,112.0158,"Oryza sativa","Agricultural"
"Supin2022","Supin2022s246","ENA","Illumina NovaSeq 6000","ERR6050584","China",28.635833,112.0158,"Oryza sativa","Agricultural"
"Supin2022","Supin2022s247","ENA","Illumina NovaSeq 6000","ERR6050585","China",28.635833,112.0158,"Oryza sativa","Agricultural"
"Supin2022","Supin2022s248","ENA","Illumina NovaSeq 6000","ERR6050586","China",28.635833,112.0158,"Oryza sativa","Agricultural"
"Supin2022","Supin2022s249","ENA","Illumina NovaSeq 6000","ERR6050587","China",28.635833,112.0158,"Oryza sativa","Agricultural"
"Supin2022","Supin2022s250","ENA","Illumina NovaSeq 6000","ERR6050588","China",28.635833,112.0158,"Oryza sativa","Agricultural"
"Supin2022","Supin2022s251","ENA","Illumina NovaSeq 6000","ERR6050589","China",28.635833,112.0158,"Oryza sativa","Agricultural"
"Supin2022","Supin2022s252","ENA","Illumina NovaSeq 6000","ERR6050590","China",28.635833,112.0158,"Oryza sativa","Agricultural"
"Supin2022","Supin2022s253","ENA","Illumina NovaSeq 6000","ERR6050591","China",28.635833,112.0158,"Oryza sativa","Agricultural"
"Supin2022","Supin2022s254","ENA","Illumina NovaSeq 6000","ERR6050592","China",28.635833,112.0158,"Oryza sativa","Agricultural"
"Supin2022","Supin2022s255","ENA","Illumina NovaSeq 6000","ERR6050593","China",28.635833,112.0158,"Oryza sativa","Agricultural"
"Supin2022","Supin2022s256","ENA","Illumina NovaSeq 6000","ERR6050594","China",28.635833,112.0158,"Oryza sativa","Agricultural"
"Supin2022","Supin2022s257","ENA","Illumina NovaSeq 6000","ERR6050595","China",28.635833,112.0158,"Oryza sativa","Agricultural"
"Supin2022","Supin2022s258","ENA","Illumina NovaSeq 6000","ERR6050596","China",28.635833,112.0158,"Oryza sativa","Agricultural"
"Supin2022","Supin2022s259","ENA","Illumina NovaSeq 6000","ERR6050597","China",28.635833,112.0158,"Oryza sativa","Agricultural"
"Supin2022","Supin2022s260","ENA","Illumina NovaSeq 6000","ERR6050598","China",28.635833,112.0158,"Oryza sativa","Agricultural"
"Supin2022","Supin2022s261","ENA","Illumina NovaSeq 6000","ERR6050599","China",28.635833,112.0158,"Oryza sativa","Agricultural"
"Supin2022","Supin2022s262","ENA","Illumina NovaSeq 6000","ERR6050600","China",28.635833,112.0158,"Oryza sativa","Agricultural"
"Supin2022","Supin2022s263","ENA","Illumina NovaSeq 6000","ERR6050601","China",28.635833,112.0158,"Oryza sativa","Agricultural"
"Supin2022","Supin2022s264","ENA","Illumina NovaSeq 6000","ERR6050602","China",28.635833,112.0158,"Oryza sativa","Agricultural"
"Supin2022","Supin2022s265","ENA","Illumina NovaSeq 6000","ERR6050603","China",28.635833,112.0158,"Oryza sativa","Agricultural"
"Supin2022","Supin2022s266","ENA","Illumina NovaSeq 6000","ERR6050604","China",28.635833,112.0158,"Oryza sativa","Agricultural"
"Supin2022","Supin2022s267","ENA","Illumina NovaSeq 6000","ERR6050605","China",28.635833,112.0158,"Oryza sativa","Agricultural"
"Supin2022","Supin2022s268","ENA","Illumina NovaSeq 6000","ERR6050606","China",28.635833,112.0158,"Oryza sativa","Agricultural"
"Supin2022","Supin2022s269","ENA","Illumina NovaSeq 6000","ERR6050607","China",28.635833,112.0158,"Oryza sativa","Agricultural"
"Supin2022","Supin2022s270","ENA","Illumina NovaSeq 6000","ERR6050608","China",28.635833,112.0158,"Oryza sativa","Agricultural"
"Supin2022","Supin2022s271","ENA","Illumina NovaSeq 6000","ERR6050609","China",28.635833,112.0158,"Oryza sativa","Agricultural"
"Supin2022","Supin2022s272","ENA","Illumina NovaSeq 6000","ERR6050610","China",28.635833,112.0158,"Oryza sativa","Agricultural"
"Supin2022","Supin2022s273","ENA","Illumina NovaSeq 6000","ERR6050611","China",28.635833,112.0158,"Oryza sativa","Agricultural"
"Supin2022","Supin2022s274","ENA","Illumina NovaSeq 6000","ERR6050612","China",28.635833,112.0158,"Oryza sativa","Agricultural"
"Supin2022","Supin2022s275","ENA","Illumina NovaSeq 6000","ERR6050613","China",28.635833,112.0158,"Oryza sativa","Agricultural"
"Supin2022","Supin2022s276","ENA","Illumina NovaSeq 6000","ERR6050614","China",28.635833,112.0158,"Oryza sativa","Agricultural"
"Supin2022","Supin2022s277","ENA","Illumina NovaSeq 6000","ERR6050615","China",28.635833,112.0158,"Oryza sativa","Agricultural"
"Supin2022","Supin2022s278","ENA","Illumina NovaSeq 6000","ERR6050616","China",28.635833,112.0158,"Oryza sativa","Agricultural"
"Supin2022","Supin2022s279","ENA","Illumina NovaSeq 6000","ERR6050617","China",28.635833,112.0158,"Oryza sativa","Agricultural"
"Supin2022","Supin2022s280","ENA","Illumina NovaSeq 6000","ERR6050618","China",28.635833,112.0158,"Oryza sativa","Agricultural"
"Supin2022","Supin2022s281","ENA","Illumina NovaSeq 6000","ERR6050619","China",28.635833,112.0158,"Oryza sativa","Agricultural"
"Supin2022","Supin2022s282","ENA","Illumina NovaSeq 6000","ERR6050620","China",28.635833,112.0158,"Oryza sativa","Agricultural"
"Supin2022","Supin2022s283","ENA","Illumina NovaSeq 6000","ERR6050621","China",28.635833,112.0158,"Oryza sativa","Agricultural"
"Supin2022","Supin2022s284","ENA","Illumina NovaSeq 6000","ERR6050622","China",28.635833,112.0158,"Oryza sativa","Agricultural"
"Supin2022","Supin2022s285","ENA","Illumina NovaSeq 6000","ERR6050623","China",28.635833,112.0158,"Oryza sativa","Agricultural"
"Supin2022","Supin2022s286","ENA","Illumina NovaSeq 6000","ERR6050624","China",28.635833,112.0158,"Oryza sativa","Agricultural"
"Supin2022","Supin2022s287","ENA","Illumina NovaSeq 6000","ERR6050625","China",28.635833,112.0158,"Oryza sativa","Agricultural"
"Supin2022","Supin2022s288","ENA","Illumina NovaSeq 6000","ERR6050626","China",28.635833,112.0158,"Oryza sativa","Agricultural"
"Supin2022","Supin2022s289","ENA","Illumina NovaSeq 6000","ERR6050627","China",28.635833,112.0158,"Oryza sativa","Agricultural"
"Supin2022","Supin2022s290","ENA","Illumina NovaSeq 6000","ERR6050628","China",28.635833,112.0158,"Oryza sativa","Agricultural"
"Supin2022","Supin2022s291","ENA","Illumina NovaSeq 6000","ERR6050629","China",28.635833,112.0158,"Oryza sativa","Agricultural"
"Supin2022","Supin2022s292","ENA","Illumina NovaSeq 6000","ERR6050630","China",28.635833,112.0158,"Oryza sativa","Agricultural"
"Supin2022","Supin2022s293","ENA","Illumina NovaSeq 6000","ERR6050631","China",28.635833,112.0158,"Oryza sativa","Agricultural"
"Supin2022","Supin2022s294","ENA","Illumina NovaSeq 6000","ERR6050632","China",28.635833,112.0158,"Oryza sativa","Agricultural"
"Supin2022","Supin2022s295","ENA","Illumina NovaSeq 6000","ERR6050633","China",28.635833,112.0158,"Oryza sativa","Agricultural"
"Supin2022","Supin2022s296","ENA","Illumina NovaSeq 6000","ERR6050634","China",28.635833,112.0158,"Oryza sativa","Agricultural"
"Supin2022","Supin2022s297","ENA","Illumina NovaSeq 6000","ERR6050635","China",28.635833,112.0158,"Oryza sativa","Agricultural"
"Supin2022","Supin2022s298","ENA","Illumina NovaSeq 6000","ERR6050636","China",28.635833,112.0158,"Oryza sativa","Agricultural"
"Supin2022","Supin2022s299","ENA","Illumina NovaSeq 6000","ERR6050637","China",28.635833,112.0158,"Oryza sativa","Agricultural"
"Supin2022","Supin2022s300","ENA","Illumina NovaSeq 6000","ERR6050638","China",28.635833,112.0158,"Oryza sativa","Agricultural"
"Supin2022","Supin2022s301","ENA","Illumina NovaSeq 6000","ERR6050639","China",28.635833,112.0158,"Oryza sativa","Agricultural"
"Supin2022","Supin2022s302","ENA","Illumina NovaSeq 6000","ERR6050640","China",28.635833,112.0158,"Oryza sativa","Agricultural"
"Supin2022","Supin2022s303","ENA","Illumina NovaSeq 6000","ERR6050641","China",28.635833,112.0158,"Oryza sativa","Agricultural"
"Supin2022","Supin2022s304","ENA","Illumina NovaSeq 6000","ERR6050642","China",28.635833,112.0158,"Oryza sativa","Agricultural"
"Supin2022","Supin2022s305","ENA","Illumina NovaSeq 6000","ERR6050643","China",28.635833,112.0158,"Oryza sativa","Agricultural"
"Supin2022","Supin2022s306","ENA","Illumina NovaSeq 6000","ERR6050644","China",28.635833,112.0158,"Oryza sativa","Agricultural"
"Supin2022","Supin2022s307","ENA","Illumina NovaSeq 6000","ERR6050645","China",28.635833,112.0158,"Oryza sativa","Agricultural"
"Supin2022","Supin2022s308","ENA","Illumina NovaSeq 6000","ERR6050646","China",28.635833,112.0158,"Oryza sativa","Agricultural"
"Supin2022","Supin2022s309","ENA","Illumina NovaSeq 6000","ERR6050647","China",28.635833,112.0158,"Oryza sativa","Agricultural"
"Supin2022","Supin2022s310","ENA","Illumina NovaSeq 6000","ERR6050648","China",28.635833,112.0158,"Oryza sativa","Agricultural"
"Supin2022","Supin2022s311","ENA","Illumina NovaSeq 6000","ERR6050649","China",28.635833,112.0158,"Oryza sativa","Agricultural"
"Supin2022","Supin2022s312","ENA","Illumina NovaSeq 6000","ERR6050650","China",28.635833,112.0158,"Oryza sativa","Agricultural"
"Wisnu2022","Wisnu2022s001","ENA","Illumina HiSeq 2500","ERR4277232","Austria",47.25,15.1667,"Chlorophytum comosum (Thunb.) Jacques","Non-agricultural"
"Wisnu2022","Wisnu2022s002","ENA","Illumina HiSeq 2500","ERR4277233","Austria",47.25,15.1667,"Chlorophytum comosum (Thunb.) Jacques","Non-agricultural"
"Wisnu2022","Wisnu2022s003","ENA","Illumina HiSeq 2500","ERR4277234","Austria",47.25,15.1667,"Chlorophytum comosum (Thunb.) Jacques","Non-agricultural"
"Wisnu2022","Wisnu2022s004","ENA","Illumina HiSeq 2500","ERR4277235","Austria",47.25,15.1667,"Musa acuminata Colla","Non-agricultural"
"Wisnu2022","Wisnu2022s005","ENA","Illumina HiSeq 2500","ERR4277236","Austria",47.25,15.1667,"Musa acuminata Colla","Non-agricultural"
"Wisnu2022","Wisnu2022s006","ENA","Illumina HiSeq 2500","ERR4277237","Austria",47.25,15.1667,"Musa acuminata Colla","Non-agricultural"
"Xiongc2022","Xiongc2022s001","NCBI","Illumina NovaSeq 6000","SRR13100622","China",34.139,113.8097,"Zea mays","Agricultural"
"Xiongc2022","Xiongc2022s002","NCBI","Illumina NovaSeq 6000","SRR13100623","China",34.139,113.8097,"Zea mays","Agricultural"
"Xiongc2022","Xiongc2022s003","NCBI","Illumina NovaSeq 6000","SRR13100626","China",34.139,113.8097,"Zea mays","Agricultural"
"Xiongc2022","Xiongc2022s004","NCBI","Illumina NovaSeq 6000","SRR13100629","China",34.139,113.8097,"Zea mays","Agricultural"
"Xiongc2022","Xiongc2022s005","NCBI","Illumina NovaSeq 6000","SRR13100614","China",34.139,113.8097,"Zea mays","Agricultural"
"Xiongc2022","Xiongc2022s006","NCBI","Illumina NovaSeq 6000","SRR13100620","China",34.139,113.8097,"Zea mays","Agricultural"
"Xiongc2022","Xiongc2022s007","NCBI","Illumina NovaSeq 6000","SRR13100621","China",34.139,113.8097,"Zea mays","Agricultural"
"Xiongc2022","Xiongc2022s008","NCBI","Illumina NovaSeq 6000","SRR13100624","China",34.139,113.8097,"Zea mays","Agricultural"
"Xiongc2022","Xiongc2022s009","NCBI","Illumina NovaSeq 6000","SRR13100625","China",34.139,113.8097,"Zea mays","Agricultural"
"Xiongc2022","Xiongc2022s010","NCBI","Illumina NovaSeq 6000","SRR13100627","China",34.139,113.8097,"Zea mays","Agricultural"
"Xiongc2022","Xiongc2022s011","NCBI","Illumina NovaSeq 6000","SRR13100628","China",34.139,113.8097,"Zea mays","Agricultural"
